id,company_id,year,operating_activity,investing_activity,financing_activity,net_cash_flow,free_cash_flow,symbol,year_label
37,TCS,Mar 2013,11615.0,-6038.0,-5729.0,-152.0,5577.0,TCS,Mar 2013
38,TCS,Mar 2014,14751.0,-9452.0,-5673.0,-374.0,5299.0,TCS,Mar 2014
39,TCS,Mar 2015,19369.0,-1807.0,-17168.0,394.0,17562.0,TCS,Mar 2015
40,TCS,Mar 2016,19109.0,-5010.0,-9666.0,4433.0,14099.0,TCS,Mar 2016
41,TCS,Mar 2017,25223.0,-16895.0,-11026.0,-2698.0,8328.0,TCS,Mar 2017
42,TCS,Mar 2018,25067.0,3104.0,-26885.0,1286.0,28171.0,TCS,Mar 2018
43,TCS,Mar 2019,28593.0,1645.0,-27897.0,2341.0,30238.0,TCS,Mar 2019
44,TCS,Mar 2020,32369.0,8968.0,-39915.0,1422.0,41337.0,TCS,Mar 2020
45,TCS,Mar 2021,38802.0,-7956.0,-32634.0,-1788.0,30846.0,TCS,Mar 2021
46,TCS,Mar 2022,39949.0,-738.0,-33581.0,5630.0,39211.0,TCS,Mar 2022
47,TCS,Mar 2023,41965.0,548.0,-47878.0,-5365.0,42513.0,TCS,Mar 2023
48,TCS,Mar 2024,44338.0,6091.0,-48536.0,1893.0,50429.0,TCS,Mar 2024
61,ABB,Dec 2012,101.0,-59.0,-42.0,1.0,42.0,ABB,Dec 2012
62,ABB,Mar 2014,155.0,-144.0,-42.0,-31.0,11.0,ABB,Mar 2014
63,ABB,Mar 2015,215.0,-187.0,-58.0,-30.0,28.0,ABB,Mar 2015
64,ABB,Mar 2016,249.0,-77.0,-80.0,91.0,172.0,ABB,Mar 2016
65,ABB,Mar 2017,307.0,-155.0,-90.0,62.0,152.0,ABB,Mar 2017
66,ABB,Mar 2018,153.0,-215.0,-102.0,-165.0,-62.0,ABB,Mar 2018
67,ABB,Mar 2019,499.0,-257.0,-143.0,99.0,242.0,ABB,Mar 2019
68,ABB,Mar 2020,626.0,-401.0,-217.0,8.0,225.0,ABB,Mar 2020
69,ABB,Mar 2021,727.0,-72.0,-582.0,73.0,655.0,ABB,Mar 2021
70,ABB,Mar 2022,948.0,-396.0,-637.0,-86.0,552.0,ABB,Mar 2022
71,ABB,Mar 2023,893.0,-148.0,-639.0,107.0,745.0,ABB,Mar 2023
72,ABB,Mar 2024,1213.0,-416.0,-745.0,52.0,797.0,ABB,Mar 2024
73,ABB,Mar 2014,0.0,0.0,0.0,0.0,0.0,ABB,Mar 2014
74,ABB,Mar 2015,-35.0,-1864.0,1902.0,3.0,-1899.0,ABB,Mar 2015
75,ABB,Mar 2016,1544.0,-816.0,-722.0,6.0,728.0,ABB,Mar 2016
76,ABB,Mar 2017,2189.0,-1730.0,-455.0,4.0,459.0,ABB,Mar 2017
77,ABB,Mar 2018,2198.0,-3192.0,1589.0,596.0,-994.0,ABB,Mar 2018
78,ABB,Mar 2019,2591.0,-3050.0,38.0,-421.0,-459.0,ABB,Mar 2019
79,ABB,Mar 2020,5437.0,-5643.0,1250.0,1045.0,-206.0,ABB,Mar 2020
80,ABB,Mar 2021,3784.0,-4009.0,-745.0,-969.0,-225.0,ABB,Mar 2021
81,ABB,Mar 2022,4097.0,-3936.0,-235.0,-75.0,161.0,ABB,Mar 2022
82,ABB,Mar 2023,3777.0,-4699.0,923.0,2.0,-922.0,ABB,Mar 2023
83,ABB,Mar 2024,6038.0,-4943.0,-543.0,551.0,1095.0,ABB,Mar 2024
84,ADANIENSOL,Mar 2014,0.0,0.0,0.0,0.0,0.0,ADANIENSOL,Mar 2014
85,ADANIENSOL,Mar 2015,-35.0,-1864.0,1902.0,3.0,-1899.0,ADANIENSOL,Mar 2015
86,ADANIENSOL,Mar 2016,1544.0,-816.0,-722.0,6.0,728.0,ADANIENSOL,Mar 2016
87,ADANIENSOL,Mar 2017,2189.0,-1730.0,-455.0,4.0,459.0,ADANIENSOL,Mar 2017
88,ADANIENSOL,Mar 2018,2198.0,-3192.0,1589.0,596.0,-994.0,ADANIENSOL,Mar 2018
89,ADANIENSOL,Mar 2019,2591.0,-3050.0,38.0,-421.0,-459.0,ADANIENSOL,Mar 2019
90,ADANIENSOL,Mar 2020,5437.0,-5643.0,1250.0,1045.0,-206.0,ADANIENSOL,Mar 2020
91,ADANIENSOL,Mar 2021,3784.0,-4009.0,-745.0,-969.0,-225.0,ADANIENSOL,Mar 2021
92,ADANIENSOL,Mar 2022,4097.0,-3936.0,-235.0,-75.0,161.0,ADANIENSOL,Mar 2022
93,ADANIENSOL,Mar 2023,3777.0,-4699.0,923.0,2.0,-922.0,ADANIENSOL,Mar 2023
94,ADANIENSOL,Mar 2024,6038.0,-4943.0,-543.0,551.0,1095.0,ADANIENSOL,Mar 2024
95,ADANIENT,Mar 2013,7666.0,-14790.0,7199.0,75.0,-7124.0,ADANIENT,Mar 2013
96,ADANIENT,Mar 2014,8228.0,-8007.0,-1109.0,-888.0,221.0,ADANIENT,Mar 2014
97,ADANIENT,Mar 2015,8532.0,-11465.0,3445.0,512.0,-2933.0,ADANIENT,Mar 2015
98,ADANIENT,Mar 2016,5112.0,-1825.0,-3448.0,-161.0,3287.0,ADANIENT,Mar 2016
99,ADANIENT,Mar 2017,774.0,-1460.0,716.0,30.0,-686.0,ADANIENT,Mar 2017
100,ADANIENT,Mar 2018,2942.0,-7649.0,5120.0,413.0,-4707.0,ADANIENT,Mar 2018
101,ADANIENT,Mar 2019,3236.0,2487.0,-6158.0,-436.0,5723.0,ADANIENT,Mar 2019
102,ADANIENT,Mar 2020,2454.0,-1082.0,-221.0,1151.0,1372.0,ADANIENT,Mar 2020
103,ADANIENT,Mar 2021,4043.0,-8611.0,3109.0,-1459.0,-4568.0,ADANIENT,Mar 2021
104,ADANIENT,Mar 2022,1385.0,-17041.0,15901.0,246.0,-15656.0,ADANIENT,Mar 2022
105,ADANIENT,Mar 2023,17626.0,-15459.0,-1198.0,970.0,2167.0,ADANIENT,Mar 2023
106,ADANIENT,Mar 2024,10312.0,-18767.0,8879.0,424.0,-8455.0,ADANIENT,Mar 2024
107,ADANIGREEN,Mar 2017,28.0,-1511.0,1559.0,76.0,-1483.0,ADANIGREEN,Mar 2017
108,ADANIGREEN,Mar 2018,649.0,-4428.0,3942.0,162.0,-3779.0,ADANIGREEN,Mar 2018
109,ADANIGREEN,Mar 2019,1625.0,-2666.0,1045.0,3.0,-1041.0,ADANIGREEN,Mar 2019
110,ADANIGREEN,Mar 2020,1965.0,-3743.0,2161.0,383.0,-1778.0,ADANIGREEN,Mar 2020
111,ADANIGREEN,Mar 2021,1601.0,-9137.0,7083.0,-453.0,-7536.0,ADANIGREEN,Mar 2021
112,ADANIGREEN,Mar 2022,3127.0,-18730.0,15986.0,383.0,-15603.0,ADANIGREEN,Mar 2022
113,ADANIGREEN,Mar 2023,7265.0,-3857.0,-2973.0,435.0,3408.0,ADANIGREEN,Mar 2023
114,ADANIGREEN,Mar 2024,7713.0,-21060.0,13953.0,606.0,-13347.0,ADANIGREEN,Mar 2024
115,ADANIPORTS,Mar 2013,1379.0,-5136.0,4138.0,381.0,-3757.0,ADANIPORTS,Mar 2013
116,ADANIPORTS,Mar 2014,1132.0,-2510.0,772.0,-606.0,-1378.0,ADANIPORTS,Mar 2014
117,ADANIPORTS,Mar 2015,3057.0,-2485.0,-237.0,335.0,572.0,ADANIPORTS,Mar 2015
118,ADANIPORTS,Mar 2016,2381.0,-4153.0,2170.0,398.0,-1772.0,ADANIPORTS,Mar 2016
119,ADANIPORTS,Mar 2017,4063.0,-2629.0,-1325.0,109.0,1434.0,ADANIPORTS,Mar 2017
120,ADANIPORTS,Mar 2018,5608.0,-3846.0,-1889.0,-127.0,1762.0,ADANIPORTS,Mar 2018
121,ADANIPORTS,Mar 2019,6029.0,-4368.0,2313.0,3975.0,1661.0,ADANIPORTS,Mar 2019
122,ADANIPORTS,Mar 2020,7402.0,-749.0,-4256.0,2397.0,6653.0,ADANIPORTS,Mar 2020
123,ADANIPORTS,Mar 2021,7556.0,-14064.0,3514.0,-2994.0,-6508.0,ADANIPORTS,Mar 2021
124,ADANIPORTS,Mar 2022,10420.0,-5493.0,-586.0,4341.0,4927.0,ADANIPORTS,Mar 2022
125,ADANIPORTS,Mar 2023,11900.0,-16716.0,-2734.0,-7550.0,-4816.0,ADANIPORTS,Mar 2023
126,ADANIPORTS,Mar 2024,15018.0,-6768.0,-7800.0,450.0,8250.0,ADANIPORTS,Mar 2024
127,ADANIPOWER,Mar 2013,3001.0,-4064.0,861.0,-203.0,-1063.0,ADANIPOWER,Mar 2013
128,ADANIPOWER,Mar 2014,3238.0,-4700.0,1631.0,169.0,-1462.0,ADANIPOWER,Mar 2014
129,ADANIPOWER,Mar 2015,5824.0,-4737.0,-1144.0,-58.0,1087.0,ADANIPOWER,Mar 2015
130,ADANIPOWER,Mar 2016,5257.0,-2692.0,-2713.0,-148.0,2565.0,ADANIPOWER,Mar 2016
131,ADANIPOWER,Mar 2017,4725.0,-1212.0,-3539.0,-26.0,3513.0,ADANIPOWER,Mar 2017
132,ADANIPOWER,Mar 2018,5101.0,-520.0,-4600.0,-19.0,4581.0,ADANIPOWER,Mar 2018
133,ADANIPOWER,Mar 2019,5610.0,-984.0,-4663.0,-37.0,4626.0,ADANIPOWER,Mar 2019
134,ADANIPOWER,Mar 2020,5598.0,-2304.0,-2377.0,917.0,3294.0,ADANIPOWER,Mar 2020
135,ADANIPOWER,Mar 2021,7014.0,-2188.0,-5655.0,-828.0,4826.0,ADANIPOWER,Mar 2021
136,ADANIPOWER,Mar 2022,10233.0,774.0,-10338.0,669.0,11007.0,ADANIPOWER,Mar 2022
137,ADANIPOWER,Mar 2023,8431.0,1545.0,-10408.0,-433.0,9976.0,ADANIPOWER,Mar 2023
138,ADANIPOWER,Mar 2024,14170.0,3481.0,-16864.0,787.0,17651.0,ADANIPOWER,Mar 2024
139,AMBUJACEM,Dec 2012,1860.0,-388.0,-509.0,962.0,1472.0,AMBUJACEM,Dec 2012
140,AMBUJACEM,Dec 2013,1267.0,-496.0,-672.0,99.0,771.0,AMBUJACEM,Dec 2013
141,AMBUJACEM,Dec 2014,1675.0,-456.0,-721.0,498.0,1219.0,AMBUJACEM,Dec 2014
142,AMBUJACEM,Dec 2015,1557.0,-83.0,-900.0,574.0,1474.0,AMBUJACEM,Dec 2015
143,AMBUJACEM,Dec 2016,2810.0,-4165.0,-958.0,-2312.0,-1355.0,AMBUJACEM,Dec 2016
144,AMBUJACEM,Dec 2017,3416.0,-738.0,-1015.0,1663.0,2678.0,AMBUJACEM,Dec 2017
145,AMBUJACEM,Dec 2018,1703.0,-765.0,-719.0,220.0,938.0,AMBUJACEM,Dec 2018
146,AMBUJACEM,Dec 2019,4739.0,-1191.0,-629.0,2919.0,3548.0,AMBUJACEM,Dec 2019
147,AMBUJACEM,Dec 2020,4832.0,-1317.0,-3956.0,-441.0,3515.0,AMBUJACEM,Dec 2020
148,AMBUJACEM,Dec 2021,5309.0,-2007.0,-516.0,2786.0,3302.0,AMBUJACEM,Dec 2021
149,AMBUJACEM,Mar 2023,735.0,-14481.0,2931.0,-10815.0,-13746.0,AMBUJACEM,Mar 2023
150,AMBUJACEM,Mar 2024,5646.0,-8941.0,5689.0,2394.0,-3295.0,AMBUJACEM,Mar 2024
151,APOLLOHOSP,Mar 2013,443.0,-733.0,373.0,83.0,-290.0,APOLLOHOSP,Mar 2013
152,APOLLOHOSP,Mar 2014,373.0,-356.0,-63.0,-46.0,17.0,APOLLOHOSP,Mar 2014
153,APOLLOHOSP,Mar 2015,470.0,-759.0,392.0,103.0,-289.0,APOLLOHOSP,Mar 2015
154,APOLLOHOSP,Mar 2016,597.0,-888.0,330.0,39.0,-291.0,APOLLOHOSP,Mar 2016
155,APOLLOHOSP,Mar 2017,623.0,-1152.0,477.0,-52.0,-529.0,APOLLOHOSP,Mar 2017
156,APOLLOHOSP,Mar 2018,537.0,-405.0,-108.0,24.0,132.0,APOLLOHOSP,Mar 2018
157,APOLLOHOSP,Mar 2019,905.0,-711.0,-215.0,-20.0,194.0,APOLLOHOSP,Mar 2019
158,APOLLOHOSP,Mar 2020,1293.0,-289.0,-910.0,94.0,1004.0,APOLLOHOSP,Mar 2020
159,APOLLOHOSP,Mar 2021,1265.0,-880.0,-340.0,44.0,385.0,APOLLOHOSP,Mar 2021
160,APOLLOHOSP,Mar 2022,1696.0,-747.0,-792.0,158.0,949.0,APOLLOHOSP,Mar 2022
161,APOLLOHOSP,Mar 2023,1377.0,-857.0,-633.0,-113.0,520.0,APOLLOHOSP,Mar 2023
162,APOLLOHOSP,Mar 2024,1920.0,-1537.0,-311.0,72.0,383.0,APOLLOHOSP,Mar 2024
163,ASIANPAINT,Mar 2013,1187.0,-463.0,-601.0,123.0,724.0,ASIANPAINT,Mar 2013
164,ASIANPAINT,Mar 2014,1402.0,-586.0,-626.0,190.0,816.0,ASIANPAINT,Mar 2014
165,ASIANPAINT,Mar 2015,1188.0,-465.0,-576.0,147.0,723.0,ASIANPAINT,Mar 2015
166,ASIANPAINT,Mar 2016,2243.0,-866.0,-849.0,528.0,1377.0,ASIANPAINT,Mar 2016
167,ASIANPAINT,Mar 2017,1527.0,-681.0,-756.0,90.0,846.0,ASIANPAINT,Mar 2017
168,ASIANPAINT,Mar 2018,2113.0,-1556.0,-1379.0,-822.0,557.0,ASIANPAINT,Mar 2018
169,ASIANPAINT,Mar 2019,2470.0,-918.0,-1117.0,434.0,1552.0,ASIANPAINT,Mar 2019
170,ASIANPAINT,Mar 2020,3038.0,-518.0,-2871.0,-351.0,2520.0,ASIANPAINT,Mar 2020
171,ASIANPAINT,Mar 2021,3683.0,-541.0,-650.0,2492.0,3142.0,ASIANPAINT,Mar 2021
172,ASIANPAINT,Mar 2022,986.0,-317.0,-1808.0,-1138.0,669.0,ASIANPAINT,Mar 2022
173,ASIANPAINT,Mar 2023,4193.0,-1282.0,-2140.0,771.0,2911.0,ASIANPAINT,Mar 2023
174,ASIANPAINT,Mar 2024,6104.0,-2548.0,-2982.0,573.0,3556.0,ASIANPAINT,Mar 2024
189,AGTL,Mar 2018,277.0,-988.0,779.0,68.0,-711.0,AGTL,Mar 2018
190,AGTL,Mar 2019,356.0,791.0,-1077.0,70.0,1147.0,AGTL,Mar 2019
191,AGTL,Mar 2020,492.0,-461.0,-102.0,-71.0,31.0,AGTL,Mar 2020
192,AGTL,Mar 2021,654.0,-770.0,39.0,-78.0,-116.0,AGTL,Mar 2021
193,AGTL,Mar 2022,732.0,-1133.0,422.0,21.0,-401.0,AGTL,Mar 2022
194,AGTL,Mar 2023,853.0,-1167.0,295.0,-19.0,-314.0,AGTL,Mar 2023
195,AGTL,Mar 2024,955.0,-752.0,-78.0,125.0,203.0,AGTL,Mar 2024
196,AXISBANK,Mar 2013,2573.0,-10939.0,14931.0,6566.0,-8366.0,AXISBANK,Mar 2013
197,AXISBANK,Mar 2014,14464.0,-14166.0,7785.0,8082.0,298.0,AXISBANK,Mar 2014
198,AXISBANK,Mar 2015,-15162.0,-7972.0,31045.0,7910.0,-23134.0,AXISBANK,Mar 2015
199,AXISBANK,Mar 2016,-34495.0,9211.0,22495.0,-2789.0,-25284.0,AXISBANK,Mar 2016
200,AXISBANK,Mar 2017,32209.0,-12458.0,-2487.0,17263.0,19751.0,AXISBANK,Mar 2017
201,AXISBANK,Mar 2018,-38390.0,-10007.0,41342.0,-7055.0,-48397.0,AXISBANK,Mar 2018
202,AXISBANK,Mar 2019,37125.0,-18674.0,5643.0,24094.0,18451.0,AXISBANK,Mar 2019
203,AXISBANK,Mar 2020,30416.0,-9485.0,8865.0,29795.0,20931.0,AXISBANK,Mar 2020
204,AXISBANK,Mar 2021,12633.0,-54288.0,7279.0,-34375.0,-41655.0,AXISBANK,Mar 2021
205,AXISBANK,Mar 2022,28137.0,-27112.0,47894.0,48919.0,1025.0,AXISBANK,Mar 2022
206,AXISBANK,Mar 2023,22075.0,-32351.0,6641.0,-3636.0,-10276.0,AXISBANK,Mar 2023
207,AXISBANK,Mar 2024,-5555.0,-9001.0,22341.0,7785.0,-14556.0,AXISBANK,Mar 2024
208,BAJAJ-AUTO,Mar 2013,2218.0,-1394.0,-1445.0,-621.0,824.0,BAJAJ-AUTO,Mar 2013
209,BAJAJ-AUTO,Mar 2014,3502.0,-2072.0,-1496.0,-66.0,1430.0,BAJAJ-AUTO,Mar 2014
210,BAJAJ-AUTO,Mar 2015,2114.0,-380.0,-1644.0,90.0,1734.0,BAJAJ-AUTO,Mar 2015
211,BAJAJ-AUTO,Mar 2016,3690.0,-68.0,-3384.0,238.0,3622.0,BAJAJ-AUTO,Mar 2016
212,BAJAJ-AUTO,Mar 2017,3267.0,-3610.0,-190.0,-532.0,-343.0,BAJAJ-AUTO,Mar 2017
213,BAJAJ-AUTO,Mar 2018,4328.0,-1954.0,-1885.0,488.0,2374.0,BAJAJ-AUTO,Mar 2018
214,BAJAJ-AUTO,Mar 2019,2487.0,-273.0,-2074.0,140.0,2214.0,BAJAJ-AUTO,Mar 2019
215,BAJAJ-AUTO,Mar 2020,3850.0,1766.0,-6247.0,-630.0,5616.0,BAJAJ-AUTO,Mar 2020
216,BAJAJ-AUTO,Mar 2021,3120.0,-2869.0,-20.0,231.0,251.0,BAJAJ-AUTO,Mar 2021
217,BAJAJ-AUTO,Mar 2022,4197.0,276.0,-4056.0,417.0,4473.0,BAJAJ-AUTO,Mar 2022
218,BAJAJ-AUTO,Mar 2023,5277.0,1211.0,-7181.0,-692.0,6488.0,BAJAJ-AUTO,Mar 2023
219,BAJAJ-AUTO,Mar 2024,6558.0,-72.0,-6167.0,319.0,6486.0,BAJAJ-AUTO,Mar 2024
220,BAJAJ-AUTO,Mar 2013,2218.0,-1394.0,-1445.0,-621.0,824.0,BAJAJ-AUTO,Mar 2013
221,BAJAJ-AUTO,Mar 2014,3502.0,-2072.0,-1496.0,-66.0,1430.0,BAJAJ-AUTO,Mar 2014
222,BAJAJ-AUTO,Mar 2015,2114.0,-380.0,-1644.0,90.0,1734.0,BAJAJ-AUTO,Mar 2015
223,BAJAJ-AUTO,Mar 2016,3690.0,-68.0,-3384.0,238.0,3622.0,BAJAJ-AUTO,Mar 2016
224,BAJAJ-AUTO,Mar 2017,3267.0,-3610.0,-190.0,-532.0,-343.0,BAJAJ-AUTO,Mar 2017
225,BAJAJ-AUTO,Mar 2018,4328.0,-1954.0,-1885.0,488.0,2374.0,BAJAJ-AUTO,Mar 2018
226,BAJAJ-AUTO,Mar 2019,2487.0,-273.0,-2074.0,140.0,2214.0,BAJAJ-AUTO,Mar 2019
227,BAJAJ-AUTO,Mar 2020,3850.0,1766.0,-6247.0,-630.0,5616.0,BAJAJ-AUTO,Mar 2020
228,BAJAJ-AUTO,Mar 2021,3120.0,-2869.0,-20.0,231.0,251.0,BAJAJ-AUTO,Mar 2021
229,BAJAJ-AUTO,Mar 2022,4197.0,276.0,-4056.0,417.0,4473.0,BAJAJ-AUTO,Mar 2022
230,BAJAJ-AUTO,Mar 2023,5277.0,1211.0,-7181.0,-692.0,6488.0,BAJAJ-AUTO,Mar 2023
231,BAJAJ-AUTO,Mar 2024,6558.0,-72.0,-6167.0,319.0,6486.0,BAJAJ-AUTO,Mar 2024
232,BAJAJFINSV,Mar 2013,-6922.0,2953.0,4592.0,623.0,-3969.0,BAJAJFINSV,Mar 2013
233,BAJAJFINSV,Mar 2014,-9807.0,3764.0,6521.0,478.0,-6043.0,BAJAJFINSV,Mar 2014
234,BAJAJFINSV,Mar 2015,-10731.0,3709.0,6839.0,-183.0,-7022.0,BAJAJFINSV,Mar 2015
235,BAJAJFINSV,Mar 2016,-9795.0,-886.0,11602.0,921.0,-10681.0,BAJAJFINSV,Mar 2016
236,BAJAJFINSV,Mar 2017,-10922.0,151.0,12513.0,1742.0,-10771.0,BAJAJFINSV,Mar 2017
237,BAJAJFINSV,Mar 2018,-19580.0,-922.0,19590.0,-911.0,-20502.0,BAJAJFINSV,Mar 2018
238,BAJAJFINSV,Mar 2019,-27076.0,-6903.0,34535.0,555.0,-33979.0,BAJAJFINSV,Mar 2019
239,BAJAJFINSV,Mar 2020,-23369.0,-9948.0,34479.0,1162.0,-33317.0,BAJAJFINSV,Mar 2020
240,BAJAJFINSV,Mar 2021,4547.0,-3684.0,1687.0,2551.0,863.0,BAJAJFINSV,Mar 2021
241,BAJAJFINSV,Mar 2022,-33670.0,1445.0,32326.0,101.0,-32225.0,BAJAJFINSV,Mar 2022
242,BAJAJFINSV,Mar 2023,-39480.0,-13945.0,51016.0,-2409.0,-53425.0,BAJAJFINSV,Mar 2023
243,BAJAJFINSV,Mar 2024,-68674.0,-10960.0,82709.0,3075.0,-79634.0,BAJAJFINSV,Mar 2024
244,BAJAJHLDNG,Mar 2013,473.0,-369.0,-332.0,-228.0,104.0,BAJAJHLDNG,Mar 2013
245,BAJAJHLDNG,Mar 2014,872.0,-519.0,-326.0,27.0,353.0,BAJAJHLDNG,Mar 2014
246,BAJAJHLDNG,Mar 2015,796.0,-464.0,-391.0,-59.0,332.0,BAJAJHLDNG,Mar 2015
247,BAJAJHLDNG,Mar 2016,1147.0,1019.0,-761.0,1406.0,2166.0,BAJAJHLDNG,Mar 2016
248,BAJAJHLDNG,Mar 2017,-923.0,-372.0,-110.0,-1406.0,-1295.0,BAJAJHLDNG,Mar 2017
249,BAJAJHLDNG,Mar 2018,1631.0,-1123.0,-434.0,74.0,508.0,BAJAJHLDNG,Mar 2018
250,BAJAJHLDNG,Mar 2019,628.0,-163.0,-536.0,-72.0,465.0,BAJAJHLDNG,Mar 2019
251,BAJAJHLDNG,Mar 2020,1920.0,-800.0,-1028.0,92.0,1120.0,BAJAJHLDNG,Mar 2020
252,BAJAJHLDNG,Mar 2021,272.0,-308.0,-37.0,-73.0,-36.0,BAJAJHLDNG,Mar 2021
253,BAJAJHLDNG,Mar 2022,1610.0,-151.0,-1460.0,-1.0,1459.0,BAJAJHLDNG,Mar 2022
254,BAJAJHLDNG,Mar 2023,1728.0,-137.0,-1587.0,4.0,1591.0,BAJAJHLDNG,Mar 2023
255,BAJAJHLDNG,Mar 2024,1941.0,-472.0,-1455.0,14.0,1469.0,BAJAJHLDNG,Mar 2024
256,BAJFINANCE,Mar 2015,-7064.0,-360.0,6867.0,-557.0,-7424.0,BAJFINANCE,Mar 2015
257,BAJFINANCE,Mar 2016,-9870.0,-687.0,11656.0,1100.0,-10557.0,BAJFINANCE,Mar 2016
258,BAJFINANCE,Mar 2017,-10439.0,-3047.0,12513.0,-972.0,-13486.0,BAJFINANCE,Mar 2017
259,BAJFINANCE,Mar 2018,-20566.0,1075.0,19503.0,13.0,-19491.0,BAJFINANCE,Mar 2018
260,BAJFINANCE,Mar 2019,-29062.0,-5379.0,34449.0,9.0,-34441.0,BAJFINANCE,Mar 2019
261,BAJFINANCE,Mar 2020,-24412.0,-8758.0,34167.0,998.0,-33170.0,BAJFINANCE,Mar 2020
262,BAJFINANCE,Mar 2021,-807.0,-429.0,1741.0,505.0,-1236.0,BAJFINANCE,Mar 2021
263,BAJFINANCE,Mar 2022,-37090.0,6347.0,32275.0,1532.0,-30743.0,BAJFINANCE,Mar 2022
264,BAJFINANCE,Mar 2023,-42112.0,-10394.0,50675.0,-1831.0,-52506.0,BAJFINANCE,Mar 2023
265,BAJFINANCE,Mar 2024,-72760.0,-7171.0,82415.0,2484.0,-79931.0,BAJFINANCE,Mar 2024
266,BANKBARODA,Mar 2013,23196.0,-514.0,-790.0,21892.0,22682.0,BANKBARODA,Mar 2013
267,BANKBARODA,Mar 2014,42233.0,-730.0,5151.0,46654.0,41503.0,BANKBARODA,Mar 2014
268,BANKBARODA,Mar 2015,17838.0,-556.0,-6.0,17276.0,17282.0,BANKBARODA,Mar 2015
269,BANKBARODA,Mar 2016,-10011.0,-4005.0,-616.0,-14632.0,-14016.0,BANKBARODA,Mar 2016
270,BANKBARODA,Mar 2017,17865.0,-551.0,-198.0,17116.0,17314.0,BANKBARODA,Mar 2017
271,BANKBARODA,Mar 2018,-59692.0,-414.0,3413.0,-56692.0,-60106.0,BANKBARODA,Mar 2018
272,BANKBARODA,Mar 2019,-1449.0,-2537.0,4449.0,462.0,-3986.0,BANKBARODA,Mar 2019
273,BANKBARODA,Mar 2020,18531.0,-139.0,14729.0,33120.0,18392.0,BANKBARODA,Mar 2020
274,BANKBARODA,Mar 2021,-887.0,-471.0,-986.0,-2344.0,-1358.0,BANKBARODA,Mar 2021
275,BANKBARODA,Mar 2022,6210.0,-3645.0,-998.0,1567.0,2565.0,BANKBARODA,Mar 2022
276,BANKBARODA,Mar 2023,-21354.0,-1096.0,-5405.0,-27855.0,-22450.0,BANKBARODA,Mar 2023
277,BANKBARODA,Mar 2024,-6274.0,-1285.0,5476.0,-2084.0,-7559.0,BANKBARODA,Mar 2024
278,BEL,Mar 2013,-1539.0,1753.0,-158.0,56.0,214.0,BEL,Mar 2013
279,BEL,Mar 2014,-569.0,759.0,-213.0,-23.0,190.0,BEL,Mar 2014
280,BEL,Mar 2015,1434.0,-839.0,-209.0,386.0,595.0,BEL,Mar 2015
281,BEL,Mar 2016,2260.0,-1470.0,-318.0,472.0,790.0,BEL,Mar 2016
282,BEL,Mar 2017,-61.0,3115.0,-2857.0,197.0,3054.0,BEL,Mar 2017
283,BEL,Mar 2018,-687.0,-6.0,-1202.0,-1895.0,-693.0,BEL,Mar 2018
284,BEL,Mar 2019,1514.0,-896.0,-663.0,-45.0,618.0,BEL,Mar 2019
285,BEL,Mar 2020,2570.0,-649.0,-1061.0,861.0,1921.0,BEL,Mar 2020
286,BEL,Mar 2021,5093.0,-2595.0,-1076.0,1422.0,2498.0,BEL,Mar 2021
287,BEL,Mar 2022,4207.0,-4872.0,-1078.0,-1742.0,-665.0,BEL,Mar 2022
288,BEL,Mar 2023,1199.0,2708.0,-1262.0,2645.0,3907.0,BEL,Mar 2023
289,BEL,Mar 2024,4659.0,-5924.0,-1475.0,-2739.0,-1265.0,BEL,Mar 2024
290,BHARTIARTL,Mar 2013,22608.0,-18676.0,-4566.0,-634.0,3932.0,BHARTIARTL,Mar 2013
291,BHARTIARTL,Mar 2014,26233.0,-25181.0,2774.0,3826.0,1052.0,BHARTIARTL,Mar 2014
292,BHARTIARTL,Mar 2015,28059.0,-22301.0,-9672.0,-3914.0,5758.0,BHARTIARTL,Mar 2015
293,BHARTIARTL,Mar 2016,27942.0,-14091.0,-11946.0,1905.0,13851.0,BHARTIARTL,Mar 2016
294,BHARTIARTL,Mar 2017,28280.0,-30680.0,-351.0,-2752.0,-2400.0,BHARTIARTL,Mar 2017
295,BHARTIARTL,Mar 2018,29854.0,-27940.0,1920.0,3835.0,1914.0,BHARTIARTL,Mar 2018
296,BHARTIARTL,Mar 2019,20070.0,-28286.0,9464.0,1248.0,-8216.0,BHARTIARTL,Mar 2019
297,BHARTIARTL,Mar 2020,18129.0,-29598.0,19144.0,7675.0,-11469.0,BHARTIARTL,Mar 2020
298,BHARTIARTL,Mar 2021,48205.0,-27286.0,-24910.0,-3991.0,20919.0,BHARTIARTL,Mar 2021
299,BHARTIARTL,Mar 2022,55017.0,-41478.0,-15203.0,-1664.0,13539.0,BHARTIARTL,Mar 2022
300,BHARTIARTL,Mar 2023,65325.0,-39232.0,-24470.0,1623.0,26093.0,BHARTIARTL,Mar 2023
301,BHARTIARTL,Mar 2024,78898.0,-51089.0,-27778.0,31.0,27809.0,BHARTIARTL,Mar 2024
302,BHEL,Mar 2013,1759.0,-1113.0,472.0,1118.0,646.0,BHEL,Mar 2013
303,BHEL,Mar 2014,4512.0,-868.0,523.0,4167.0,3644.0,BHEL,Mar 2014
304,BHEL,Mar 2015,821.0,650.0,-3543.0,-2071.0,1471.0,BHEL,Mar 2015
305,BHEL,Mar 2016,374.0,23.0,-122.0,275.0,397.0,BHEL,Mar 2016
306,BHEL,Mar 2017,560.0,-565.0,-468.0,-473.0,-5.0,BHEL,Mar 2017
307,BHEL,Mar 2018,989.0,961.0,-667.0,1283.0,1950.0,BHEL,Mar 2018
308,BHEL,Mar 2019,-3860.0,1919.0,-32.0,-1973.0,-1941.0,BHEL,Mar 2019
309,BHEL,Mar 2020,-2892.0,1877.0,1622.0,608.0,-1015.0,BHEL,Mar 2020
310,BHEL,Mar 2021,560.0,-42.0,-394.0,123.0,518.0,BHEL,Mar 2021
311,BHEL,Mar 2022,660.0,-1118.0,-329.0,-787.0,-458.0,BHEL,Mar 2022
312,BHEL,Mar 2023,-741.0,1480.0,89.0,829.0,739.0,BHEL,Mar 2023
313,BHEL,Mar 2024,-3713.0,1331.0,2656.0,274.0,-2382.0,BHEL,Mar 2024
314,BOSCHLTD,Dec 2012,871.0,-824.0,-156.0,-108.0,47.0,BOSCHLTD,Dec 2012
315,BOSCHLTD,Dec 2013,1057.0,-846.0,-238.0,-27.0,211.0,BOSCHLTD,Dec 2013
316,BOSCHLTD,Mar 2015,1396.0,-1183.0,-237.0,-24.0,213.0,BOSCHLTD,Mar 2015
317,BOSCHLTD,Mar 2016,1318.0,-995.0,-356.0,-33.0,323.0,BOSCHLTD,Mar 2016
318,BOSCHLTD,Mar 2017,1457.0,1246.0,-2670.0,33.0,2703.0,BOSCHLTD,Mar 2017
319,BOSCHLTD,Mar 2018,1729.0,-1170.0,-325.0,234.0,559.0,BOSCHLTD,Mar 2018
320,BOSCHLTD,Mar 2019,593.0,1766.0,-2531.0,-172.0,2359.0,BOSCHLTD,Mar 2019
321,BOSCHLTD,Mar 2020,1336.0,-873.0,-399.0,64.0,463.0,BOSCHLTD,Mar 2020
322,BOSCHLTD,Mar 2021,835.0,-463.0,-338.0,34.0,372.0,BOSCHLTD,Mar 2021
323,BOSCHLTD,Mar 2022,271.0,-33.0,-383.0,-146.0,238.0,BOSCHLTD,Mar 2022
324,BOSCHLTD,Mar 2023,1214.0,262.0,-1239.0,236.0,1476.0,BOSCHLTD,Mar 2023
325,BOSCHLTD,Mar 2024,1253.0,283.0,-1452.0,84.0,1536.0,BOSCHLTD,Mar 2024
326,BPCL,Mar 2013,5926.0,-3604.0,-846.0,1476.0,2322.0,BPCL,Mar 2013
327,BPCL,Mar 2014,9588.0,-6881.0,-3736.0,-1029.0,2707.0,BPCL,Mar 2014
328,BPCL,Mar 2015,20742.0,-10536.0,-9792.0,414.0,10206.0,BPCL,Mar 2015
329,BPCL,Mar 2016,11119.0,-9233.0,-1332.0,555.0,1886.0,BPCL,Mar 2016
330,BPCL,Mar 2017,9041.0,-15274.0,4804.0,-1429.0,-6233.0,BPCL,Mar 2017
331,BPCL,Mar 2018,11068.0,-7066.0,-4218.0,-215.0,4002.0,BPCL,Mar 2018
332,BPCL,Mar 2019,10157.0,-10451.0,207.0,-87.0,-294.0,BPCL,Mar 2019
333,BPCL,Mar 2020,7881.0,-11135.0,3583.0,329.0,-3254.0,BPCL,Mar 2020
334,BPCL,Mar 2021,23455.0,-2474.0,-13981.0,7000.0,20981.0,BPCL,Mar 2021
335,BPCL,Mar 2022,20336.0,-8138.0,-17672.0,-5474.0,12198.0,BPCL,Mar 2022
336,BPCL,Mar 2023,12466.0,-7806.0,-4402.0,257.0,4660.0,BPCL,Mar 2023
337,BPCL,Mar 2024,35936.0,-10521.0,-25427.0,-12.0,25415.0,BPCL,Mar 2024
338,BRITANNIA,Mar 2013,320.0,28.0,-378.0,-30.0,348.0,BRITANNIA,Mar 2013
339,BRITANNIA,Mar 2014,671.0,-246.0,-357.0,68.0,425.0,BRITANNIA,Mar 2014
340,BRITANNIA,Mar 2015,584.0,-450.0,-181.0,-47.0,134.0,BRITANNIA,Mar 2015
341,BRITANNIA,Mar 2016,959.0,-705.0,-246.0,8.0,254.0,BRITANNIA,Mar 2016
342,BRITANNIA,Mar 2017,441.0,-150.0,-295.0,-4.0,291.0,BRITANNIA,Mar 2017
343,BRITANNIA,Mar 2018,1249.0,-957.0,-232.0,60.0,292.0,BRITANNIA,Mar 2018
344,BRITANNIA,Mar 2019,1156.0,-852.0,-353.0,-49.0,304.0,BRITANNIA,Mar 2019
345,BRITANNIA,Mar 2020,1485.0,-1526.0,58.0,17.0,-41.0,BRITANNIA,Mar 2020
346,BRITANNIA,Mar 2021,1876.0,433.0,-2242.0,66.0,2309.0,BRITANNIA,Mar 2021
347,BRITANNIA,Mar 2022,1300.0,914.0,-2246.0,-32.0,2214.0,BRITANNIA,Mar 2022
348,BRITANNIA,Mar 2023,2526.0,-1507.0,-1028.0,-9.0,1019.0,BRITANNIA,Mar 2023
349,BRITANNIA,Mar 2024,2573.0,477.0,-2830.0,219.0,3050.0,BRITANNIA,Mar 2024
350,CANBK,Mar 2013,8010.0,-435.0,-1043.0,6532.0,7575.0,CANBK,Mar 2013
351,CANBK,Mar 2014,14244.0,-380.0,-3771.0,10092.0,13864.0,CANBK,Mar 2014
352,CANBK,Mar 2015,6344.0,-1104.0,-1464.0,3776.0,5240.0,CANBK,Mar 2015
353,CANBK,Mar 2016,9346.0,-443.0,-806.0,8096.0,8903.0,CANBK,Mar 2016
354,CANBK,Mar 2017,2575.0,-476.0,124.0,2224.0,2099.0,CANBK,Mar 2017
355,CANBK,Mar 2018,-11120.0,-487.0,2865.0,-8743.0,-11607.0,CANBK,Mar 2018
356,CANBK,Mar 2019,18237.0,-745.0,-1185.0,16307.0,17492.0,CANBK,Mar 2019
357,CANBK,Mar 2020,-5289.0,-445.0,7792.0,2059.0,-5734.0,CANBK,Mar 2020
358,CANBK,Mar 2021,59118.0,-1116.0,290.0,58291.0,58002.0,CANBK,Mar 2021
359,CANBK,Mar 2022,919.0,-1429.0,4035.0,3525.0,-510.0,CANBK,Mar 2022
360,CANBK,Mar 2023,-39978.0,-1156.0,445.0,-40689.0,-41134.0,CANBK,Mar 2023
361,CANBK,Mar 2024,15046.0,-1750.0,-3834.0,9462.0,13296.0,CANBK,Mar 2024
362,CHOLAFIN,Mar 2013,-3754.0,5.0,4067.0,317.0,-3749.0,CHOLAFIN,Mar 2013
363,CHOLAFIN,Mar 2014,-2447.0,-83.0,2749.0,219.0,-2530.0,CHOLAFIN,Mar 2014
364,CHOLAFIN,Mar 2015,-2264.0,-40.0,1819.0,-485.0,-2304.0,CHOLAFIN,Mar 2015
365,CHOLAFIN,Mar 2016,-2809.0,-137.0,3031.0,85.0,-2946.0,CHOLAFIN,Mar 2016
366,CHOLAFIN,Mar 2017,-1468.0,-222.0,1692.0,2.0,-1690.0,CHOLAFIN,Mar 2017
367,CHOLAFIN,Mar 2018,-7926.0,-60.0,8009.0,22.0,-7986.0,CHOLAFIN,Mar 2018
368,CHOLAFIN,Mar 2019,-9317.0,-11.0,12191.0,2862.0,-9328.0,CHOLAFIN,Mar 2019
369,CHOLAFIN,Mar 2020,-2075.0,-54.0,2452.0,323.0,-2129.0,CHOLAFIN,Mar 2020
370,CHOLAFIN,Mar 2021,-8848.0,-1746.0,8707.0,-1888.0,-10594.0,CHOLAFIN,Mar 2021
371,CHOLAFIN,Mar 2022,-5571.0,1640.0,5150.0,1218.0,-3931.0,CHOLAFIN,Mar 2022
372,CHOLAFIN,Mar 2023,-27105.0,-2148.0,27466.0,-1787.0,-29253.0,CHOLAFIN,Mar 2023
373,CHOLAFIN,Mar 2024,-35683.0,-2855.0,38471.0,-66.0,-38538.0,CHOLAFIN,Mar 2024
374,CIPLA,Mar 2013,1398.0,-2063.0,718.0,53.0,-665.0,CIPLA,Mar 2013
375,CIPLA,Mar 2014,1563.0,-1265.0,-266.0,33.0,298.0,CIPLA,Mar 2014
376,CIPLA,Mar 2015,1173.0,-950.0,165.0,388.0,223.0,CIPLA,Mar 2015
377,CIPLA,Mar 2016,1741.0,-4533.0,3104.0,312.0,-2792.0,CIPLA,Mar 2016
378,CIPLA,Mar 2017,2382.0,-1304.0,-1326.0,-248.0,1078.0,CIPLA,Mar 2017
379,CIPLA,Mar 2018,1463.0,-834.0,-385.0,243.0,629.0,CIPLA,Mar 2018
380,CIPLA,Mar 2019,1691.0,-1688.0,-349.0,-345.0,3.0,CIPLA,Mar 2019
381,CIPLA,Mar 2020,3068.0,114.0,-2949.0,234.0,3182.0,CIPLA,Mar 2020
382,CIPLA,Mar 2021,3755.0,-2374.0,-1240.0,141.0,1381.0,CIPLA,Mar 2021
383,CIPLA,Mar 2022,3326.0,-1858.0,-1600.0,-132.0,1468.0,CIPLA,Mar 2022
384,CIPLA,Mar 2023,3238.0,-2376.0,-958.0,-97.0,862.0,CIPLA,Mar 2023
385,CIPLA,Mar 2024,4134.0,-2982.0,-1200.0,-49.0,1152.0,CIPLA,Mar 2024
386,COALINDIA,Mar 2013,9109.0,-1833.0,-7852.0,-575.0,7276.0,COALINDIA,Mar 2013
387,COALINDIA,Mar 2014,14525.0,8580.0,-25350.0,-2246.0,23105.0,COALINDIA,Mar 2014
388,COALINDIA,Mar 2015,14382.0,894.0,-15026.0,250.0,15276.0,COALINDIA,Mar 2015
389,COALINDIA,Mar 2016,13154.0,8154.0,-19587.0,1721.0,21308.0,COALINDIA,Mar 2016
390,COALINDIA,Mar 2017,16461.0,455.0,-17598.0,-682.0,16916.0,COALINDIA,Mar 2017
391,COALINDIA,Mar 2018,21115.0,-7747.0,-13564.0,-196.0,13368.0,COALINDIA,Mar 2018
392,COALINDIA,Mar 2019,16356.0,-7896.0,-10885.0,-2426.0,8460.0,COALINDIA,Mar 2019
393,COALINDIA,Mar 2020,4977.0,1033.0,-4791.0,1219.0,6010.0,COALINDIA,Mar 2020
394,COALINDIA,Mar 2021,10592.0,182.0,-8453.0,2321.0,10774.0,COALINDIA,Mar 2021
395,COALINDIA,Mar 2022,41107.0,-25715.0,-13441.0,1951.0,15392.0,COALINDIA,Mar 2022
396,COALINDIA,Mar 2023,35734.0,-23465.0,-13704.0,-1436.0,12269.0,COALINDIA,Mar 2023
397,COALINDIA,Mar 2024,18103.0,-4486.0,-13899.0,-282.0,13617.0,COALINDIA,Mar 2024
398,DABUR,Mar 2013,870.0,-622.0,-234.0,13.0,248.0,DABUR,Mar 2013
399,DABUR,Mar 2014,1098.0,-104.0,-804.0,190.0,994.0,DABUR,Mar 2014
400,DABUR,Mar 2015,1047.0,-876.0,-417.0,-245.0,171.0,DABUR,Mar 2015
401,DABUR,Mar 2016,1187.0,-730.0,-374.0,82.0,457.0,DABUR,Mar 2016
402,DABUR,Mar 2017,1227.0,-807.0,-339.0,81.0,420.0,DABUR,Mar 2017
403,DABUR,Mar 2018,1092.0,-541.0,-577.0,-27.0,551.0,DABUR,Mar 2018
404,DABUR,Mar 2019,1499.0,338.0,-1888.0,-51.0,1837.0,DABUR,Mar 2019
405,DABUR,Mar 2020,1614.0,-517.0,-1043.0,54.0,1097.0,DABUR,Mar 2020
406,DABUR,Mar 2021,2115.0,-1404.0,-613.0,97.0,711.0,DABUR,Mar 2021
407,DABUR,Mar 2022,1802.0,-1273.0,-490.0,38.0,529.0,DABUR,Mar 2022
408,DABUR,Mar 2023,1488.0,-583.0,-1035.0,-130.0,905.0,DABUR,Mar 2023
409,DABUR,Mar 2024,2013.0,-971.0,-1161.0,-119.0,1042.0,DABUR,Mar 2024
410,DIVISLAB,Mar 2013,480.0,-255.0,-231.0,-5.0,225.0,DIVISLAB,Mar 2013
411,DIVISLAB,Mar 2014,557.0,-305.0,-248.0,3.0,252.0,DIVISLAB,Mar 2014
412,DIVISLAB,Mar 2015,826.0,-521.0,-303.0,3.0,305.0,DIVISLAB,Mar 2015
413,DIVISLAB,Mar 2016,1038.0,-406.0,-631.0,0.0,632.0,DIVISLAB,Mar 2016
414,DIVISLAB,Mar 2017,1150.0,-1140.0,2.0,13.0,10.0,DIVISLAB,Mar 2017
415,DIVISLAB,Mar 2018,776.0,-478.0,-314.0,-17.0,298.0,DIVISLAB,Mar 2018
416,DIVISLAB,Mar 2019,954.0,-685.0,-246.0,23.0,269.0,DIVISLAB,Mar 2019
417,DIVISLAB,Mar 2020,1216.0,-83.0,-1091.0,41.0,1133.0,DIVISLAB,Mar 2020
418,DIVISLAB,Mar 2021,1947.0,75.0,-35.0,1987.0,2022.0,DIVISLAB,Mar 2021
419,DIVISLAB,Mar 2022,1912.0,-2195.0,-532.0,-816.0,-283.0,DIVISLAB,Mar 2022
420,DIVISLAB,Mar 2023,2459.0,-2707.0,-797.0,-1045.0,-248.0,DIVISLAB,Mar 2023
421,DIVISLAB,Mar 2024,1261.0,-269.0,-799.0,193.0,992.0,DIVISLAB,Mar 2024
422,DLF,Mar 2013,2009.0,1995.0,-3951.0,52.0,4004.0,DLF,Mar 2013
423,DLF,Mar 2014,1468.0,3924.0,-4532.0,860.0,5392.0,DLF,Mar 2014
424,DLF,Mar 2015,2037.0,98.0,-1547.0,588.0,2135.0,DLF,Mar 2015
425,DLF,Mar 2016,2957.0,-818.0,-1929.0,210.0,2139.0,DLF,Mar 2016
426,DLF,Mar 2017,-898.0,872.0,787.0,761.0,-26.0,DLF,Mar 2017
427,DLF,Mar 2018,270.0,-2102.0,-232.0,-2064.0,-1832.0,DLF,Mar 2018
428,DLF,Mar 2019,2043.0,3.0,875.0,2921.0,2046.0,DLF,Mar 2019
429,DLF,Mar 2020,356.0,6508.0,-9522.0,-2658.0,6864.0,DLF,Mar 2020
430,DLF,Mar 2021,1460.0,150.0,-2184.0,-573.0,1610.0,DLF,Mar 2021
431,DLF,Mar 2022,2832.0,267.0,-3828.0,-729.0,3099.0,DLF,Mar 2022
432,DLF,Mar 2023,2375.0,-461.0,-2013.0,-98.0,1914.0,DLF,Mar 2023
433,DLF,Mar 2024,2539.0,-1529.0,177.0,1186.0,1010.0,DLF,Mar 2024
434,DMART,Mar 2013,127.0,-231.0,118.0,14.0,-104.0,DMART,Mar 2013
435,DMART,Mar 2014,198.0,-270.0,65.0,-7.0,-72.0,DMART,Mar 2014
436,DMART,Mar 2015,222.0,-474.0,234.0,-17.0,-252.0,DMART,Mar 2015
437,DMART,Mar 2016,433.0,-633.0,196.0,-3.0,-200.0,DMART,Mar 2016
438,DMART,Mar 2017,455.0,-2482.0,2025.0,-1.0,-2027.0,DMART,Mar 2017
439,DMART,Mar 2018,730.0,464.0,-1159.0,34.0,1194.0,DMART,Mar 2018
440,DMART,Mar 2019,807.0,-958.0,209.0,57.0,-151.0,DMART,Mar 2019
441,DMART,Mar 2020,1280.0,-4657.0,3357.0,-19.0,-3377.0,DMART,Mar 2020
442,DMART,Mar 2021,1375.0,-1110.0,-180.0,86.0,265.0,DMART,Mar 2021
443,DMART,Mar 2022,1372.0,-1289.0,-179.0,-96.0,83.0,DMART,Mar 2022
444,DMART,Mar 2023,2630.0,-2313.0,-205.0,112.0,317.0,DMART,Mar 2023
445,DMART,Mar 2024,2746.0,-2468.0,-148.0,130.0,278.0,DMART,Mar 2024
446,DRREDDY,Mar 2013,1378.0,-1437.0,-157.0,-216.0,-59.0,DRREDDY,Mar 2013
447,DRREDDY,Mar 2014,1970.0,-1604.0,-24.0,342.0,366.0,DRREDDY,Mar 2014
448,DRREDDY,Mar 2015,2524.0,-2370.0,-433.0,-280.0,154.0,DRREDDY,Mar 2015
449,DRREDDY,Mar 2016,3263.0,-1610.0,-1700.0,-47.0,1653.0,DRREDDY,Mar 2016
450,DRREDDY,Mar 2017,2144.0,-1890.0,-369.0,-114.0,254.0,DRREDDY,Mar 2017
451,DRREDDY,Mar 2018,1803.0,-1483.0,-444.0,-124.0,320.0,DRREDDY,Mar 2018
452,DRREDDY,Mar 2019,2870.0,-769.0,-2133.0,-31.0,2101.0,DRREDDY,Mar 2019
453,DRREDDY,Mar 2020,2984.0,-495.0,-2516.0,-27.0,2489.0,DRREDDY,Mar 2020
454,DRREDDY,Mar 2021,3570.0,-2255.0,-30.0,1286.0,1315.0,DRREDDY,Mar 2021
455,DRREDDY,Mar 2022,2811.0,-2565.0,-242.0,3.0,246.0,DRREDDY,Mar 2022
456,DRREDDY,Mar 2023,5888.0,-4109.0,-2686.0,-907.0,1779.0,DRREDDY,Mar 2023
457,DRREDDY,Mar 2024,4543.0,-4034.0,-376.0,133.0,509.0,DRREDDY,Mar 2024
458,EICHERMOT,Dec 2012,496.0,-773.0,-111.0,-388.0,-277.0,EICHERMOT,Dec 2012
459,EICHERMOT,Dec 2013,716.0,-790.0,-47.0,-121.0,-74.0,EICHERMOT,Dec 2013
460,EICHERMOT,Dec 2014,1047.0,-1214.0,-162.0,-329.0,-167.0,EICHERMOT,Dec 2014
461,EICHERMOT,Mar 2016,1463.0,-1001.0,-466.0,-4.0,462.0,EICHERMOT,Mar 2016
462,EICHERMOT,Mar 2017,1708.0,-1744.0,25.0,-10.0,-36.0,EICHERMOT,Mar 2017
463,EICHERMOT,Mar 2018,2482.0,-2145.0,-262.0,75.0,337.0,EICHERMOT,Mar 2018
464,EICHERMOT,Mar 2019,1575.0,-660.0,-292.0,623.0,915.0,EICHERMOT,Mar 2019
465,EICHERMOT,Mar 2020,1694.0,-1508.0,-858.0,-673.0,186.0,EICHERMOT,Mar 2020
466,EICHERMOT,Mar 2021,1691.0,-1625.0,-15.0,51.0,66.0,EICHERMOT,Mar 2021
467,EICHERMOT,Mar 2022,1527.0,-983.0,-593.0,-50.0,544.0,EICHERMOT,Mar 2022
468,EICHERMOT,Mar 2023,2823.0,-2397.0,-417.0,8.0,426.0,EICHERMOT,Mar 2023
469,EICHERMOT,Mar 2024,3724.0,-2834.0,-844.0,45.0,890.0,EICHERMOT,Mar 2024
470,GAIL,Mar 2013,6603.0,-8626.0,3642.0,1618.0,-2023.0,GAIL,Mar 2013
471,GAIL,Mar 2014,4615.0,-4466.0,-3.0,146.0,149.0,GAIL,Mar 2014
472,GAIL,Mar 2015,4214.0,-2809.0,-3058.0,-1653.0,1405.0,GAIL,Mar 2015
473,GAIL,Mar 2016,3960.0,-904.0,-3028.0,29.0,3056.0,GAIL,Mar 2016
474,GAIL,Mar 2017,6024.0,-334.0,-5275.0,415.0,5690.0,GAIL,Mar 2017
475,GAIL,Mar 2018,8769.0,-2660.0,-5252.0,858.0,6109.0,GAIL,Mar 2018
476,GAIL,Mar 2019,7984.0,-5701.0,-3364.0,-1081.0,2283.0,GAIL,Mar 2019
477,GAIL,Mar 2020,8345.0,-8299.0,281.0,328.0,46.0,GAIL,Mar 2020
478,GAIL,Mar 2021,8993.0,-4640.0,-3471.0,882.0,4353.0,GAIL,Mar 2021
479,GAIL,Mar 2022,9420.0,-5490.0,-3917.0,13.0,3930.0,GAIL,Mar 2022
480,GAIL,Mar 2023,3205.0,-7453.0,2972.0,-1276.0,-4248.0,GAIL,Mar 2023
481,GAIL,Mar 2024,12586.0,-8226.0,-3457.0,902.0,4360.0,GAIL,Mar 2024
482,GODREJCP,Mar 2013,820.0,-865.0,282.0,237.0,-45.0,GODREJCP,Mar 2013
483,GODREJCP,Mar 2014,1116.0,-494.0,-620.0,1.0,622.0,GODREJCP,Mar 2014
484,GODREJCP,Mar 2015,1027.0,-1236.0,-12.0,-221.0,-209.0,GODREJCP,Mar 2015
485,GODREJCP,Mar 2016,847.0,-622.0,-202.0,23.0,225.0,GODREJCP,Mar 2016
486,GODREJCP,Mar 2017,1860.0,-2243.0,665.0,282.0,-383.0,GODREJCP,Mar 2017
487,GODREJCP,Mar 2018,1723.0,-336.0,-1384.0,3.0,1387.0,GODREJCP,Mar 2018
488,GODREJCP,Mar 2019,1729.0,274.0,-2039.0,-36.0,2003.0,GODREJCP,Mar 2019
489,GODREJCP,Mar 2020,1588.0,-552.0,-1295.0,-259.0,1036.0,GODREJCP,Mar 2020
490,GODREJCP,Mar 2021,2030.0,-292.0,-1816.0,-79.0,1738.0,GODREJCP,Mar 2021
491,GODREJCP,Mar 2022,1451.0,-844.0,-380.0,227.0,607.0,GODREJCP,Mar 2022
492,GODREJCP,Mar 2023,2151.0,-1754.0,-794.0,-398.0,397.0,GODREJCP,Mar 2023
493,GODREJCP,Mar 2024,2070.0,-3435.0,1406.0,41.0,-1365.0,GODREJCP,Mar 2024
494,GRASIM,Mar 2013,4242.0,-5687.0,1348.0,-97.0,-1445.0,GRASIM,Mar 2013
495,GRASIM,Mar 2014,3549.0,-2336.0,-1046.0,168.0,1213.0,GRASIM,Mar 2014
496,GRASIM,Mar 2015,4594.0,-2359.0,-2278.0,-42.0,2235.0,GRASIM,Mar 2015
497,GRASIM,Mar 2016,5868.0,-4515.0,-1365.0,-11.0,1353.0,GRASIM,Mar 2016
498,GRASIM,Mar 2017,7288.0,-3509.0,-3799.0,-20.0,3779.0,GRASIM,Mar 2017
499,GRASIM,Mar 2018,-4140.0,1546.0,3449.0,856.0,-2594.0,GRASIM,Mar 2018
500,GRASIM,Mar 2019,-1659.0,-2212.0,4158.0,287.0,-3871.0,GRASIM,Mar 2019
501,GRASIM,Mar 2020,16620.0,-11364.0,-3418.0,1838.0,5256.0,GRASIM,Mar 2020
502,GRASIM,Mar 2021,15075.0,-7146.0,-8003.0,-75.0,7929.0,GRASIM,Mar 2021
503,GRASIM,Mar 2022,7038.0,-1053.0,-6733.0,-748.0,5985.0,GRASIM,Mar 2022
504,GRASIM,Mar 2023,-12685.0,-13712.0,26469.0,72.0,-26397.0,GRASIM,Mar 2023
505,GRASIM,Mar 2024,-10719.0,-23114.0,33908.0,75.0,-33833.0,GRASIM,Mar 2024
506,HAL,Mar 2017,-423.0,3021.0,-164.0,2433.0,2598.0,HAL,Mar 2017
507,HAL,Mar 2018,-734.0,594.0,-2540.0,-2680.0,-140.0,HAL,Mar 2018
508,HAL,Mar 2019,-7694.0,5292.0,2321.0,-80.0,-2402.0,HAL,Mar 2019
509,HAL,Mar 2020,1537.0,-1334.0,64.0,266.0,203.0,HAL,Mar 2020
510,HAL,Mar 2021,15124.0,-1190.0,-7070.0,6864.0,13934.0,HAL,Mar 2021
511,HAL,Mar 2022,10180.0,-12789.0,-1464.0,-4072.0,-2609.0,HAL,Mar 2022
512,HAL,Mar 2023,8836.0,-5734.0,-1731.0,1370.0,3102.0,HAL,Mar 2023
513,HAL,Mar 2024,8226.0,-6412.0,-1999.0,-185.0,1814.0,HAL,Mar 2024
514,HAVELLS,Mar 2013,638.0,-144.0,-252.0,242.0,494.0,HAVELLS,Mar 2013
515,HAVELLS,Mar 2014,868.0,-376.0,-310.0,183.0,492.0,HAVELLS,Mar 2014
516,HAVELLS,Mar 2015,963.0,-485.0,-754.0,-277.0,478.0,HAVELLS,Mar 2015
517,HAVELLS,Mar 2016,513.0,-121.0,-621.0,-229.0,392.0,HAVELLS,Mar 2016
518,HAVELLS,Mar 2017,767.0,-220.0,-98.0,450.0,547.0,HAVELLS,Mar 2017
519,HAVELLS,Mar 2018,1100.0,-946.0,-409.0,-255.0,154.0,HAVELLS,Mar 2018
520,HAVELLS,Mar 2019,501.0,185.0,-318.0,368.0,686.0,HAVELLS,Mar 2019
521,HAVELLS,Mar 2020,827.0,-548.0,-716.0,-437.0,279.0,HAVELLS,Mar 2020
522,HAVELLS,Mar 2021,660.0,-763.0,190.0,87.0,-103.0,HAVELLS,Mar 2021
523,HAVELLS,Mar 2022,1728.0,-759.0,-547.0,421.0,969.0,HAVELLS,Mar 2022
524,HAVELLS,Mar 2023,565.0,31.0,-907.0,-311.0,596.0,HAVELLS,Mar 2023
525,HAVELLS,Mar 2024,1953.0,-1618.0,-534.0,-199.0,335.0,HAVELLS,Mar 2024
526,HCLTECH,Jun 2013,4492.0,-2361.0,-2086.0,44.0,2131.0,HCLTECH,Jun 2013
527,HCLTECH,Jun 2014,6457.0,-4842.0,-1308.0,307.0,1615.0,HCLTECH,Jun 2014
528,HCLTECH,Jun 2015,5539.0,-2088.0,-3140.0,311.0,3451.0,HCLTECH,Jun 2015
529,HCLTECH,Mar 2016,3823.0,-2208.0,-2237.0,-623.0,1615.0,HCLTECH,Mar 2016
530,HCLTECH,Mar 2017,8995.0,-3890.0,-4517.0,588.0,5105.0,HCLTECH,Mar 2017
531,HCLTECH,Mar 2018,8328.0,-2236.0,-5714.0,378.0,6092.0,HCLTECH,Mar 2018
532,HCLTECH,Mar 2019,8971.0,-3256.0,-1471.0,4244.0,5715.0,HCLTECH,Mar 2019
533,HCLTECH,Mar 2020,13359.0,-12332.0,-3168.0,-2141.0,1027.0,HCLTECH,Mar 2020
534,HCLTECH,Mar 2021,19618.0,-5665.0,-11192.0,2761.0,13953.0,HCLTECH,Mar 2021
535,HCLTECH,Mar 2022,16900.0,1597.0,-14508.0,3989.0,18497.0,HCLTECH,Mar 2022
536,HCLTECH,Mar 2023,18009.0,-3573.0,-15881.0,-1445.0,14436.0,HCLTECH,Mar 2023
537,HCLTECH,Mar 2024,22448.0,-6608.0,-15464.0,376.0,15840.0,HCLTECH,Mar 2024
538,HDFCBANK,Mar 2013,-5847.0,-902.0,13105.0,6356.0,-6749.0,HDFCBANK,Mar 2013
539,HDFCBANK,Mar 2014,4211.0,-1099.0,9270.0,12382.0,3112.0,HDFCBANK,Mar 2014
540,HDFCBANK,Mar 2015,-21281.0,-800.0,18694.0,-3387.0,-22081.0,HDFCBANK,Mar 2015
541,HDFCBANK,Mar 2016,-34435.0,-837.0,37815.0,2542.0,-35272.0,HDFCBANK,Mar 2016
542,HDFCBANK,Mar 2017,17282.0,-1146.0,-5893.0,10242.0,16136.0,HDFCBANK,Mar 2017
543,HDFCBANK,Mar 2018,17214.0,-842.0,57378.0,73750.0,16372.0,HDFCBANK,Mar 2018
544,HDFCBANK,Mar 2019,-62872.0,-1503.0,23131.0,-41244.0,-64375.0,HDFCBANK,Mar 2019
545,HDFCBANK,Mar 2020,-16869.0,-1403.0,24394.0,6122.0,-18272.0,HDFCBANK,Mar 2020
546,HDFCBANK,Mar 2021,42476.0,-1823.0,-7321.0,33332.0,40653.0,HDFCBANK,Mar 2021
547,HDFCBANK,Mar 2022,-11960.0,-2051.0,48124.0,34113.0,-14011.0,HDFCBANK,Mar 2022
548,HDFCBANK,Mar 2023,20814.0,-2992.0,23941.0,41762.0,17822.0,HDFCBANK,Mar 2023
549,HDFCBANK,Mar 2024,19069.0,16600.0,-3983.0,31687.0,35669.0,HDFCBANK,Mar 2024
552,HDFCLIFE,Mar 2015,4459.0,-3514.0,-168.0,777.0,945.0,HDFCLIFE,Mar 2015
553,HDFCLIFE,Mar 2016,5687.0,-3962.0,-212.0,1513.0,1725.0,HDFCLIFE,Mar 2016
554,HDFCLIFE,Mar 2017,6230.0,-5177.0,-236.0,817.0,1053.0,HDFCLIFE,Mar 2017
555,HDFCLIFE,Mar 2018,6739.0,-4421.0,-196.0,2122.0,2318.0,HDFCLIFE,Mar 2018
556,HDFCLIFE,Mar 2019,9868.0,-10182.0,-337.0,-651.0,-314.0,HDFCLIFE,Mar 2019
557,HDFCLIFE,Mar 2020,7388.0,-7789.0,38.0,-364.0,-401.0,HDFCLIFE,Mar 2020
558,HDFCLIFE,Mar 2021,9703.0,-8952.0,678.0,1429.0,751.0,HDFCLIFE,Mar 2021
559,HDFCLIFE,Mar 2022,5943.0,-801.0,-238.0,4904.0,5142.0,HDFCLIFE,Mar 2022
560,HDFCLIFE,Mar 2023,6883.0,-10071.0,1985.0,-1203.0,-3188.0,HDFCLIFE,Mar 2023
561,HDFCLIFE,Mar 2024,10721.0,-13614.0,-403.0,-3296.0,-2893.0,HDFCLIFE,Mar 2024
562,HEROMOTOCO,Mar 2014,2963.0,-1616.0,-1414.0,-66.0,1347.0,HEROMOTOCO,Mar 2014
563,HEROMOTOCO,Mar 2015,2186.0,31.0,-2131.0,86.0,2217.0,HEROMOTOCO,Mar 2015
564,HEROMOTOCO,Mar 2016,3722.0,-2300.0,-1475.0,-53.0,1422.0,HEROMOTOCO,Mar 2016
565,HEROMOTOCO,Mar 2017,4007.0,-1972.0,-2036.0,-1.0,2035.0,HEROMOTOCO,Mar 2017
566,HEROMOTOCO,Mar 2018,4017.0,-1858.0,-2102.0,57.0,2159.0,HEROMOTOCO,Mar 2018
567,HEROMOTOCO,Mar 2019,1032.0,1298.0,-2252.0,78.0,2330.0,HEROMOTOCO,Mar 2019
568,HEROMOTOCO,Mar 2020,5518.0,-2819.0,-2602.0,97.0,2699.0,HEROMOTOCO,Mar 2020
569,HEROMOTOCO,Mar 2021,4110.0,-2289.0,-1852.0,-31.0,1821.0,HEROMOTOCO,Mar 2021
570,HEROMOTOCO,Mar 2022,2104.0,-222.0,-1975.0,-94.0,1882.0,HEROMOTOCO,Mar 2022
571,HEROMOTOCO,Mar 2023,2614.0,-421.0,-2147.0,45.0,2193.0,HEROMOTOCO,Mar 2023
572,HEROMOTOCO,Mar 2024,4923.0,-1828.0,-2717.0,379.0,3095.0,HEROMOTOCO,Mar 2024
573,HINDALCO,Mar 2013,2977.0,-13801.0,10278.0,-545.0,-10824.0,HINDALCO,Mar 2013
574,HINDALCO,Mar 2014,7956.0,-8095.0,1493.0,1353.0,-139.0,HINDALCO,Mar 2014
575,HINDALCO,Mar 2015,7143.0,-3873.0,-2437.0,833.0,3270.0,HINDALCO,Mar 2015
576,HINDALCO,Mar 2016,11688.0,-3220.0,-8862.0,-394.0,8468.0,HINDALCO,Mar 2016
577,HINDALCO,Mar 2017,12687.0,-2876.0,-5552.0,4259.0,9811.0,HINDALCO,Mar 2017
578,HINDALCO,Mar 2018,10898.0,5333.0,-16412.0,-181.0,16231.0,HINDALCO,Mar 2018
579,HINDALCO,Mar 2019,11977.0,-5456.0,-5466.0,1055.0,6521.0,HINDALCO,Mar 2019
580,HINDALCO,Mar 2020,12745.0,-7227.0,6656.0,12174.0,5518.0,HINDALCO,Mar 2020
581,HINDALCO,Mar 2021,17232.0,-25280.0,-4882.0,-12930.0,-8048.0,HINDALCO,Mar 2021
582,HINDALCO,Mar 2022,16838.0,-6773.0,-6765.0,3300.0,10065.0,HINDALCO,Mar 2022
583,HINDALCO,Mar 2023,19208.0,-7559.0,-10450.0,1199.0,11649.0,HINDALCO,Mar 2023
584,HINDALCO,Mar 2024,24056.0,-14267.0,-10817.0,-1028.0,9789.0,HINDALCO,Mar 2024
585,HINDUNILVR,Mar 2013,3605.0,63.0,-4147.0,-480.0,3668.0,HINDUNILVR,Mar 2013
586,HINDUNILVR,Mar 2014,3818.0,-475.0,-2960.0,383.0,3343.0,HINDUNILVR,Mar 2014
587,HINDUNILVR,Mar 2015,3292.0,138.0,-3462.0,-33.0,3430.0,HINDUNILVR,Mar 2015
588,HINDUNILVR,Mar 2016,4171.0,-282.0,-3864.0,25.0,3889.0,HINDUNILVR,Mar 2016
589,HINDUNILVR,Mar 2017,5185.0,-1173.0,-4214.0,-202.0,4012.0,HINDUNILVR,Mar 2017
590,HINDUNILVR,Mar 2018,6059.0,-1063.0,-4975.0,21.0,4996.0,HINDUNILVR,Mar 2018
591,HINDUNILVR,Mar 2019,5800.0,-438.0,-5390.0,-28.0,5362.0,HINDUNILVR,Mar 2019
592,HINDUNILVR,Mar 2020,7623.0,1791.0,-6819.0,2595.0,9414.0,HINDUNILVR,Mar 2020
593,HINDUNILVR,Mar 2021,9163.0,-1228.0,-9309.0,-1374.0,7935.0,HINDUNILVR,Mar 2021
594,HINDUNILVR,Mar 2022,9048.0,-1728.0,-8015.0,-695.0,7320.0,HINDUNILVR,Mar 2022
595,HINDUNILVR,Mar 2023,9991.0,-1484.0,-8953.0,-446.0,8507.0,HINDUNILVR,Mar 2023
596,HINDUNILVR,Mar 2024,15469.0,-5324.0,-10034.0,111.0,10145.0,HINDUNILVR,Mar 2024
597,ICICIBANK,Mar 2013,17494.0,-18563.0,9283.0,8215.0,-1069.0,ICICIBANK,Mar 2013
598,ICICIBANK,Mar 2014,6765.0,-15750.0,7872.0,-1113.0,-8985.0,ICICIBANK,Mar 2014
599,ICICIBANK,Mar 2015,-12273.0,-13175.0,24827.0,-621.0,-25448.0,ICICIBANK,Mar 2015
600,ICICIBANK,Mar 2016,23645.0,-12060.0,5814.0,17399.0,11585.0,ICICIBANK,Mar 2016
601,ICICIBANK,Mar 2017,52636.0,-1711.0,-35470.0,15455.0,50925.0,ICICIBANK,Mar 2017
602,ICICIBANK,Mar 2018,19383.0,-50551.0,39676.0,8508.0,-31168.0,ICICIBANK,Mar 2018
603,ICICIBANK,Mar 2019,48671.0,-30282.0,-19997.0,-1608.0,18389.0,ICICIBANK,Mar 2019
604,ICICIBANK,Mar 2020,79565.0,-42095.0,2992.0,40462.0,37470.0,ICICIBANK,Mar 2020
605,ICICIBANK,Mar 2021,138015.0,-63631.0,-54667.0,19718.0,74384.0,ICICIBANK,Mar 2021
606,ICICIBANK,Mar 2022,58111.0,-39448.0,17451.0,36114.0,18663.0,ICICIBANK,Mar 2022
607,ICICIBANK,Mar 2023,-3771.0,-67689.0,24791.0,-46669.0,-71460.0,ICICIBANK,Mar 2023
608,ICICIBANK,Mar 2024,157284.0,-144737.0,13765.0,26312.0,12547.0,ICICIBANK,Mar 2024
609,ICICIGI,Mar 2013,984.0,-962.0,102.0,124.0,22.0,ICICIGI,Mar 2013
610,ICICIGI,Mar 2014,595.0,-706.0,4.0,-108.0,-111.0,ICICIGI,Mar 2014
611,ICICIGI,Mar 2015,-98.0,171.0,-93.0,-20.0,73.0,ICICIGI,Mar 2015
612,ICICIGI,Mar 2016,511.0,-310.0,-148.0,53.0,201.0,ICICIGI,Mar 2016
613,ICICIGI,Mar 2017,1628.0,-1990.0,361.0,-1.0,-362.0,ICICIGI,Mar 2017
614,ICICIGI,Mar 2018,2390.0,-1896.0,-96.0,398.0,494.0,ICICIGI,Mar 2018
615,ICICIGI,Mar 2019,2976.0,-2856.0,-310.0,-190.0,120.0,ICICIGI,Mar 2019
616,ICICIGI,Mar 2020,3433.0,-3382.0,-420.0,-369.0,51.0,ICICIGI,Mar 2020
617,ICICIGI,Mar 2021,1774.0,-1367.0,-212.0,195.0,407.0,ICICIGI,Mar 2021
618,ICICIGI,Mar 2022,809.0,135.0,-879.0,65.0,944.0,ICICIGI,Mar 2022
619,ICICIGI,Mar 2023,2290.0,-1685.0,-695.0,-90.0,605.0,ICICIGI,Mar 2023
620,ICICIGI,Mar 2024,2407.0,-1921.0,-355.0,131.0,486.0,ICICIGI,Mar 2024
621,ICICIPRULI,Mar 2013,-2641.0,1564.0,-514.0,-1591.0,-1077.0,ICICIPRULI,Mar 2013
622,ICICIPRULI,Mar 2014,-2382.0,6012.0,-1091.0,2539.0,3630.0,ICICIPRULI,Mar 2014
623,ICICIPRULI,Mar 2015,523.0,-1822.0,-966.0,-2264.0,-1299.0,ICICIPRULI,Mar 2015
624,ICICIPRULI,Mar 2016,3634.0,27.0,-1442.0,2219.0,3661.0,ICICIPRULI,Mar 2016
625,ICICIPRULI,Mar 2017,4130.0,-696.0,-994.0,2439.0,3434.0,ICICIPRULI,Mar 2017
626,ICICIPRULI,Mar 2018,5690.0,-5389.0,-1188.0,-887.0,301.0,ICICIPRULI,Mar 2018
627,ICICIPRULI,Mar 2019,11377.0,-7559.0,-843.0,2975.0,3818.0,ICICIPRULI,Mar 2019
628,ICICIPRULI,Mar 2020,8596.0,-10797.0,-405.0,-2606.0,-2201.0,ICICIPRULI,Mar 2020
629,ICICIPRULI,Mar 2021,7314.0,-5084.0,1205.0,3434.0,2230.0,ICICIPRULI,Mar 2021
630,ICICIPRULI,Mar 2022,1831.0,-816.0,-319.0,696.0,1015.0,ICICIPRULI,Mar 2022
631,ICICIPRULI,Mar 2023,89.0,-1145.0,-112.0,-1168.0,-1056.0,ICICIPRULI,Mar 2023
632,ICICIPRULI,Mar 2024,-7315.0,7420.0,-88.0,17.0,105.0,ICICIPRULI,Mar 2024
633,INDIGO,Mar 2013,1741.0,-1890.0,36.0,-113.0,-149.0,INDIGO,Mar 2013
634,INDIGO,Mar 2014,1595.0,-2914.0,1285.0,-34.0,-1319.0,INDIGO,Mar 2014
635,INDIGO,Mar 2015,2384.0,-940.0,-1308.0,136.0,1444.0,INDIGO,Mar 2015
636,INDIGO,Mar 2016,3116.0,-1337.0,-1220.0,559.0,1779.0,INDIGO,Mar 2016
637,INDIGO,Mar 2017,3782.0,-3033.0,-1401.0,-652.0,749.0,INDIGO,Mar 2017
638,INDIGO,Mar 2018,3903.0,-4152.0,766.0,518.0,-249.0,INDIGO,Mar 2018
639,INDIGO,Mar 2019,3160.0,-2526.0,-592.0,42.0,634.0,INDIGO,Mar 2019
640,INDIGO,Mar 2020,6943.0,-4573.0,-2407.0,-37.0,2370.0,INDIGO,Mar 2020
641,INDIGO,Mar 2021,-1620.0,3228.0,-1775.0,-168.0,1608.0,INDIGO,Mar 2021
642,INDIGO,Mar 2022,2064.0,1527.0,-3088.0,503.0,3591.0,INDIGO,Mar 2022
643,INDIGO,Mar 2023,12703.0,-4039.0,-8432.0,232.0,8664.0,INDIGO,Mar 2023
644,INDIGO,Mar 2024,21183.0,-11759.0,-9979.0,-555.0,9424.0,INDIGO,Mar 2024
645,INDUSINDBK,Mar 2013,-486.0,-174.0,1969.0,1309.0,-660.0,INDUSINDBK,Mar 2013
646,INDUSINDBK,Mar 2014,-4106.0,-174.0,4200.0,-79.0,-4280.0,INDUSINDBK,Mar 2014
647,INDUSINDBK,Mar 2015,-1421.0,-276.0,5707.0,4010.0,-1697.0,INDUSINDBK,Mar 2015
648,INDUSINDBK,Mar 2016,-2927.0,-258.0,2517.0,-667.0,-3185.0,INDUSINDBK,Mar 2016
649,INDUSINDBK,Mar 2017,11569.0,-285.0,-2768.0,8516.0,11284.0,INDUSINDBK,Mar 2017
650,INDUSINDBK,Mar 2018,-20700.0,-217.0,15505.0,-5412.0,-20917.0,INDUSINDBK,Mar 2018
651,INDUSINDBK,Mar 2019,-6389.0,-633.0,8590.0,1568.0,-7022.0,INDUSINDBK,Mar 2019
652,INDUSINDBK,Mar 2020,-12039.0,526.0,12733.0,1220.0,-11513.0,INDUSINDBK,Mar 2020
653,INDUSINDBK,Mar 2021,44646.0,-226.0,-4096.0,40324.0,44420.0,INDUSINDBK,Mar 2021
654,INDUSINDBK,Mar 2022,16600.0,-351.0,-4302.0,11947.0,16249.0,INDUSINDBK,Mar 2022
655,INDUSINDBK,Mar 2023,-12438.0,-441.0,1115.0,-11763.0,-12879.0,INDUSINDBK,Mar 2023
656,INDUSINDBK,Mar 2024,-16843.0,-625.0,-2242.0,-19710.0,-17468.0,INDUSINDBK,Mar 2024
657,INFY,Mar 2013,7373.0,-2922.0,-3210.0,1241.0,4451.0,INFY,Mar 2013
658,INFY,Mar 2014,9825.0,-2563.0,-3144.0,4118.0,7262.0,INFY,Mar 2014
659,INFY,Mar 2015,8353.0,999.0,-4935.0,4417.0,9352.0,INFY,Mar 2015
660,INFY,Mar 2016,10028.0,-885.0,-6813.0,2330.0,9143.0,INFY,Mar 2016
661,INFY,Mar 2017,11531.0,-14664.0,-6939.0,-10072.0,-3133.0,INFY,Mar 2017
662,INFY,Mar 2018,13218.0,4533.0,-20505.0,-2754.0,17751.0,INFY,Mar 2018
663,INFY,Mar 2019,14841.0,-632.0,-14512.0,-303.0,14209.0,INFY,Mar 2019
664,INFY,Mar 2020,17003.0,-331.0,-17591.0,-919.0,16672.0,INFY,Mar 2020
665,INFY,Mar 2021,23224.0,-7373.0,-9786.0,6065.0,15851.0,INFY,Mar 2021
666,INFY,Mar 2022,23885.0,-6485.0,-24642.0,-7242.0,17400.0,INFY,Mar 2022
667,INFY,Mar 2023,22467.0,-1071.0,-26695.0,-5299.0,21396.0,INFY,Mar 2023
668,INFY,Mar 2024,25210.0,-5093.0,-17504.0,2613.0,20117.0,INFY,Mar 2024
669,IOC,Mar 2013,9340.0,-9294.0,352.0,398.0,46.0,IOC,Mar 2013
670,IOC,Mar 2014,24195.0,-18594.0,-3116.0,2485.0,5601.0,IOC,Mar 2014
671,IOC,Mar 2015,46092.0,-10215.0,-38283.0,-2406.0,35877.0,IOC,Mar 2015
672,IOC,Mar 2016,25624.0,-13610.0,-11890.0,124.0,12014.0,IOC,Mar 2016
673,IOC,Mar 2017,28216.0,-17684.0,-10937.0,-405.0,10532.0,IOC,Mar 2017
674,IOC,Mar 2018,29115.0,-17119.0,-12007.0,-11.0,11996.0,IOC,Mar 2018
675,IOC,Mar 2019,12747.0,-22569.0,10436.0,614.0,-9822.0,IOC,Mar 2019
676,IOC,Mar 2020,7146.0,-29101.0,22456.0,502.0,-21955.0,IOC,Mar 2020
677,IOC,Mar 2021,49650.0,-22935.0,-27369.0,-653.0,26715.0,IOC,Mar 2021
678,IOC,Mar 2022,25747.0,-21294.0,-4058.0,395.0,4453.0,IOC,Mar 2022
679,IOC,Mar 2023,29644.0,-28030.0,-1794.0,-180.0,1614.0,IOC,Mar 2023
680,IOC,Mar 2024,71099.0,-31464.0,-39385.0,250.0,39635.0,IOC,Mar 2024
681,IRCTC,Mar 2015,69.0,-46.0,-17.0,6.0,23.0,IRCTC,Mar 2015
682,IRCTC,Mar 2016,288.0,7.0,-31.0,263.0,295.0,IRCTC,Mar 2016
683,IRCTC,Mar 2017,338.0,94.0,-136.0,296.0,432.0,IRCTC,Mar 2017
684,IRCTC,Mar 2018,24.0,40.0,-57.0,7.0,64.0,IRCTC,Mar 2018
685,IRCTC,Mar 2019,499.0,-353.0,-179.0,-33.0,146.0,IRCTC,Mar 2019
686,IRCTC,Mar 2020,409.0,8.0,-280.0,137.0,417.0,IRCTC,Mar 2020
687,IRCTC,Mar 2021,248.0,-453.0,-47.0,-252.0,-205.0,IRCTC,Mar 2021
688,IRCTC,Mar 2022,524.0,-242.0,-258.0,23.0,282.0,IRCTC,Mar 2022
689,IRCTC,Mar 2023,812.0,-317.0,-434.0,61.0,495.0,IRCTC,Mar 2023
690,IRCTC,Mar 2024,882.0,-215.0,-404.0,262.0,667.0,IRCTC,Mar 2024
691,IRFC,Mar 2016,-16378.0,2.0,17582.0,1206.0,-16376.0,IRFC,Mar 2016
692,IRFC,Mar 2017,-19455.0,2.0,18250.0,-1204.0,-19453.0,IRFC,Mar 2017
693,IRFC,Mar 2018,-28076.0,2.0,28075.0,0.0,-28074.0,IRFC,Mar 2018
694,IRFC,Mar 2019,-41748.0,1.0,41749.0,3.0,-41747.0,IRFC,Mar 2019
695,IRFC,Mar 2020,-62701.0,1.0,62697.0,-2.0,-62700.0,IRFC,Mar 2020
696,IRFC,Mar 2021,-89907.0,0.0,90202.0,296.0,-89907.0,IRFC,Mar 2021
697,IRFC,Mar 2022,-64412.0,-5.0,64266.0,-151.0,-64417.0,IRFC,Mar 2022
698,IRFC,Mar 2023,-28588.0,0.0,28644.0,56.0,-28588.0,IRFC,Mar 2023
699,IRFC,Mar 2024,7914.0,-8.0,-8046.0,-140.0,7906.0,IRFC,Mar 2024
700,ITC,Mar 2013,7102.0,-3881.0,-3310.0,-90.0,3221.0,ITC,Mar 2013
701,ITC,Mar 2014,7344.0,-3254.0,-4122.0,-32.0,4090.0,ITC,Mar 2014
702,ITC,Mar 2015,9843.0,-5275.0,-4661.0,-93.0,4568.0,ITC,Mar 2015
703,ITC,Mar 2016,9799.0,-3921.0,-5613.0,266.0,5878.0,ITC,Mar 2016
704,ITC,Mar 2017,10627.0,-3251.0,-7301.0,75.0,7376.0,ITC,Mar 2017
705,ITC,Mar 2018,13169.0,-7114.0,-6221.0,-166.0,6055.0,ITC,Mar 2018
706,ITC,Mar 2019,12583.0,-5546.0,-6869.0,169.0,7037.0,ITC,Mar 2019
707,ITC,Mar 2020,14690.0,-6174.0,-8181.0,334.0,8516.0,ITC,Mar 2020
708,ITC,Mar 2021,12527.0,5740.0,-18634.0,-367.0,18267.0,ITC,Mar 2021
709,ITC,Mar 2022,15776.0,-2238.0,-13580.0,-43.0,13538.0,ITC,Mar 2022
710,ITC,Mar 2023,18878.0,-5732.0,-13006.0,139.0,13146.0,ITC,Mar 2023
711,ITC,Mar 2024,17179.0,1563.0,-18551.0,191.0,18742.0,ITC,Mar 2024
712,JINDALSTEL,Mar 2013,3522.0,-9591.0,6111.0,43.0,-6069.0,JINDALSTEL,Mar 2013
713,JINDALSTEL,Mar 2014,4580.0,-12694.0,8879.0,766.0,-8114.0,JINDALSTEL,Mar 2014
714,JINDALSTEL,Mar 2015,1182.0,-6717.0,5708.0,173.0,-5535.0,JINDALSTEL,Mar 2015
715,JINDALSTEL,Mar 2016,4333.0,-2262.0,-2672.0,-601.0,2071.0,JINDALSTEL,Mar 2016
716,JINDALSTEL,Mar 2017,6850.0,-1998.0,-5108.0,-256.0,4852.0,JINDALSTEL,Mar 2017
717,JINDALSTEL,Mar 2018,7724.0,-1431.0,-6276.0,17.0,6293.0,JINDALSTEL,Mar 2018
718,JINDALSTEL,Mar 2019,9027.0,-832.0,-8261.0,-67.0,8195.0,JINDALSTEL,Mar 2019
719,JINDALSTEL,Mar 2020,8814.0,-1476.0,-7016.0,322.0,7338.0,JINDALSTEL,Mar 2020
720,JINDALSTEL,Mar 2021,11961.0,-1884.0,-4612.0,5465.0,10077.0,JINDALSTEL,Mar 2021
721,JINDALSTEL,Mar 2022,16048.0,-2331.0,-15120.0,-1403.0,13717.0,JINDALSTEL,Mar 2022
722,JINDALSTEL,Mar 2023,7347.0,-4090.0,-2500.0,757.0,3257.0,JINDALSTEL,Mar 2023
723,JINDALSTEL,Mar 2024,6008.0,-8344.0,1381.0,-955.0,-2336.0,JINDALSTEL,Mar 2024
724,JIOFIN,Mar 2023,2055.0,-1110.0,-889.0,56.0,945.0,JIOFIN,Mar 2023
725,JIOFIN,Mar 2024,-678.0,1441.0,-753.0,11.0,763.0,JIOFIN,Mar 2024
726,JSWENERGY,Mar 2013,1725.0,-944.0,-684.0,96.0,781.0,JSWENERGY,Mar 2013
727,JSWENERGY,Mar 2014,2269.0,-363.0,-1859.0,48.0,1906.0,JSWENERGY,Mar 2014
728,JSWENERGY,Mar 2015,3394.0,-422.0,-2327.0,645.0,2972.0,JSWENERGY,Mar 2015
729,JSWENERGY,Mar 2016,3538.0,-3272.0,-1622.0,-1357.0,266.0,JSWENERGY,Mar 2016
730,JSWENERGY,Mar 2017,3853.0,-762.0,-2595.0,496.0,3091.0,JSWENERGY,Mar 2017
731,JSWENERGY,Mar 2018,3934.0,-215.0,-3968.0,-249.0,3719.0,JSWENERGY,Mar 2018
732,JSWENERGY,Mar 2019,2491.0,-55.0,-2523.0,-87.0,2436.0,JSWENERGY,Mar 2019
733,JSWENERGY,Mar 2020,2082.0,301.0,-1962.0,421.0,2383.0,JSWENERGY,Mar 2020
734,JSWENERGY,Mar 2021,3700.0,-1030.0,-2515.0,155.0,2670.0,JSWENERGY,Mar 2021
735,JSWENERGY,Mar 2022,2952.0,-1387.0,-781.0,784.0,1565.0,JSWENERGY,Mar 2022
736,JSWENERGY,Mar 2023,2084.0,-6778.0,7327.0,2634.0,-4694.0,JSWENERGY,Mar 2023
737,JSWENERGY,Mar 2024,6234.0,-8197.0,1675.0,-289.0,-1963.0,JSWENERGY,Mar 2024
738,JSWSTEEL,Mar 2013,5844.0,-5433.0,-791.0,-380.0,411.0,JSWSTEEL,Mar 2013
739,JSWSTEEL,Mar 2014,2594.0,-5618.0,3300.0,276.0,-3024.0,JSWSTEEL,Mar 2014
740,JSWSTEEL,Mar 2015,7876.0,-7372.0,-169.0,334.0,504.0,JSWSTEEL,Mar 2015
741,JSWSTEEL,Mar 2016,6897.0,-3857.0,-3151.0,-111.0,3040.0,JSWSTEEL,Mar 2016
742,JSWSTEEL,Mar 2017,7888.0,-5094.0,-2710.0,84.0,2794.0,JSWSTEEL,Mar 2017
743,JSWSTEEL,Mar 2018,12379.0,-4529.0,-8185.0,-335.0,7850.0,JSWSTEEL,Mar 2018
744,JSWSTEEL,Mar 2019,14633.0,-11387.0,1753.0,4999.0,3246.0,JSWSTEEL,Mar 2019
745,JSWSTEEL,Mar 2020,12785.0,-19589.0,5189.0,-1615.0,-6804.0,JSWSTEEL,Mar 2020
746,JSWSTEEL,Mar 2021,18789.0,-7702.0,-3110.0,7977.0,11087.0,JSWSTEEL,Mar 2021
747,JSWSTEEL,Mar 2022,26270.0,-14748.0,-14657.0,-3135.0,11522.0,JSWSTEEL,Mar 2022
748,JSWSTEEL,Mar 2023,23323.0,-10730.0,-5977.0,6616.0,12593.0,JSWSTEEL,Mar 2023
749,JSWSTEEL,Mar 2024,12078.0,-14467.0,-5005.0,-7394.0,-2389.0,JSWSTEEL,Mar 2024
750,KOTAKBANK,Mar 2013,2878.0,-9035.0,7099.0,942.0,-6157.0,KOTAKBANK,Mar 2013
751,KOTAKBANK,Mar 2014,9068.0,-1130.0,-5814.0,2125.0,7938.0,KOTAKBANK,Mar 2014
752,KOTAKBANK,Mar 2015,2302.0,-4467.0,2426.0,260.0,-2165.0,KOTAKBANK,Mar 2015
753,KOTAKBANK,Mar 2016,5025.0,-2353.0,2024.0,4696.0,2672.0,KOTAKBANK,Mar 2016
754,KOTAKBANK,Mar 2017,13222.0,-5289.0,6055.0,13989.0,7933.0,KOTAKBANK,Mar 2017
755,KOTAKBANK,Mar 2018,-10392.0,-5475.0,14679.0,-1188.0,-15867.0,KOTAKBANK,Mar 2018
756,KOTAKBANK,Mar 2019,1822.0,-3323.0,8365.0,6864.0,-1501.0,KOTAKBANK,Mar 2019
757,KOTAKBANK,Mar 2020,46619.0,-13068.0,-735.0,32815.0,33551.0,KOTAKBANK,Mar 2020
758,KOTAKBANK,Mar 2021,4881.0,-11172.0,-10072.0,-16363.0,-6291.0,KOTAKBANK,Mar 2021
759,KOTAKBANK,Mar 2022,8308.0,-10903.0,7543.0,4949.0,-2595.0,KOTAKBANK,Mar 2022
760,KOTAKBANK,Mar 2023,-1242.0,-10381.0,1883.0,-9740.0,-11623.0,KOTAKBANK,Mar 2023
761,KOTAKBANK,Mar 2024,15685.0,-8919.0,15515.0,22281.0,6766.0,KOTAKBANK,Mar 2024
762,LICI,Mar 2019,13274.0,9636.0,-13700.0,9210.0,22910.0,LICI,Mar 2019
763,LICI,Mar 2020,54367.0,-40415.0,-18664.0,-4712.0,13952.0,LICI,Mar 2020
764,LICI,Mar 2021,80602.0,148447.0,-256125.0,-27077.0,229049.0,LICI,Mar 2021
765,LICI,Mar 2022,-3783.0,12531.0,0.0,8748.0,8748.0,LICI,Mar 2022
766,LICI,Mar 2023,54519.0,-52848.0,-949.0,722.0,1671.0,LICI,Mar 2023
767,LICI,Mar 2024,26122.0,-25269.0,-4427.0,-3574.0,853.0,LICI,Mar 2024
777,LODHA,Mar 2016,387.0,-854.0,330.0,-137.0,-467.0,LODHA,Mar 2016
778,LODHA,Mar 2017,1469.0,-1174.0,-312.0,-16.0,295.0,LODHA,Mar 2017
779,LODHA,Mar 2018,696.0,-651.0,24.0,69.0,45.0,LODHA,Mar 2018
780,LODHA,Mar 2019,-463.0,-175.0,736.0,97.0,-638.0,LODHA,Mar 2019
781,LODHA,Mar 2020,3772.0,182.0,-4188.0,-234.0,3954.0,LODHA,Mar 2020
782,LODHA,Mar 2021,2524.0,420.0,-2835.0,109.0,2944.0,LODHA,Mar 2021
783,LODHA,Mar 2022,1998.0,1139.0,-2888.0,250.0,3137.0,LODHA,Mar 2022
784,LODHA,Mar 2023,2750.0,1789.0,-3706.0,834.0,4539.0,LODHA,Mar 2023
785,LODHA,Mar 2024,2512.0,-2947.0,951.0,516.0,-435.0,LODHA,Mar 2024
786,LT,Mar 2013,-4355.0,-6922.0,11429.0,152.0,-11277.0,LT,Mar 2013
787,LT,Mar 2014,-7143.0,-5510.0,13136.0,483.0,-12653.0,LT,Mar 2014
788,LT,Mar 2015,-1365.0,-4778.0,7903.0,1759.0,-6143.0,LT,Mar 2015
789,LT,Mar 2016,-3240.0,-4627.0,7253.0,-613.0,-7867.0,LT,Mar 2016
790,LT,Mar 2017,6655.0,-9796.0,2896.0,-245.0,-3141.0,LT,Mar 2017
791,LT,Mar 2018,-10031.0,3914.0,9370.0,3254.0,-6117.0,LT,Mar 2018
792,LT,Mar 2019,-4756.0,-11023.0,15440.0,-338.0,-15779.0,LT,Mar 2019
793,LT,Mar 2020,6694.0,-8408.0,6372.0,4658.0,-1714.0,LT,Mar 2020
794,LT,Mar 2021,23074.0,-5750.0,-15274.0,2049.0,17324.0,LT,Mar 2021
795,LT,Mar 2022,19164.0,-3585.0,-15181.0,397.0,15579.0,LT,Mar 2022
796,LT,Mar 2023,22777.0,-8048.0,-11572.0,3156.0,14729.0,LT,Mar 2023
797,LT,Mar 2024,18266.0,2179.0,-25413.0,-4968.0,20445.0,LT,Mar 2024
798,LTIM,Mar 2013,608.0,-224.0,-396.0,-13.0,384.0,LTIM,Mar 2013
799,LTIM,Mar 2014,628.0,180.0,-769.0,40.0,808.0,LTIM,Mar 2014
800,LTIM,Mar 2015,642.0,-103.0,-497.0,42.0,539.0,LTIM,Mar 2015
801,LTIM,Mar 2016,858.0,-40.0,-817.0,2.0,818.0,LTIM,Mar 2016
802,LTIM,Mar 2017,1170.0,-961.0,-33.0,176.0,209.0,LTIM,Mar 2017
803,LTIM,Mar 2018,844.0,-452.0,-408.0,-16.0,392.0,LTIM,Mar 2018
804,LTIM,Mar 2019,1395.0,-749.0,-594.0,52.0,646.0,LTIM,Mar 2019
805,LTIM,Mar 2020,1644.0,-643.0,-890.0,110.0,1001.0,LTIM,Mar 2020
806,LTIM,Mar 2021,2400.0,-1657.0,-509.0,234.0,743.0,LTIM,Mar 2021
807,LTIM,Mar 2022,3251.0,-1643.0,-1680.0,-73.0,1608.0,LTIM,Mar 2022
808,LTIM,Mar 2023,3095.0,-271.0,-1932.0,892.0,2824.0,LTIM,Mar 2023
809,LTIM,Mar 2024,5670.0,-3918.0,-2269.0,-518.0,1752.0,LTIM,Mar 2024
810,M&M,Mar 2013,-922.0,-2903.0,4508.0,684.0,-3825.0,M&M,Mar 2013
811,M&M,Mar 2014,-244.0,-4524.0,5577.0,810.0,-4768.0,M&M,Mar 2014
812,M&M,Mar 2015,1055.0,-4357.0,1669.0,-1633.0,-3302.0,M&M,Mar 2015
813,M&M,Mar 2016,2385.0,-5506.0,2967.0,-154.0,-3121.0,M&M,Mar 2016
814,M&M,Mar 2017,183.0,-5875.0,6108.0,416.0,-5692.0,M&M,Mar 2017
815,M&M,Mar 2018,682.0,-5467.0,6314.0,1529.0,-4785.0,M&M,Mar 2018
816,M&M,Mar 2019,-4347.0,-7174.0,13194.0,1672.0,-11521.0,M&M,Mar 2019
817,M&M,Mar 2020,-1457.0,-6870.0,6933.0,-1394.0,-8327.0,M&M,Mar 2020
818,M&M,Mar 2021,17909.0,-19686.0,406.0,-1370.0,-1777.0,M&M,Mar 2021
819,M&M,Mar 2022,9248.0,-3252.0,-5883.0,113.0,5996.0,M&M,Mar 2022
820,M&M,Mar 2023,-7074.0,-8866.0,15946.0,6.0,-15940.0,M&M,Mar 2023
821,M&M,Mar 2024,-5630.0,-5615.0,12281.0,1037.0,-11245.0,M&M,Mar 2024
822,MARUTI,Mar 2013,4059.0,-3119.0,-979.0,-39.0,940.0,MARUTI,Mar 2013
823,MARUTI,Mar 2014,4995.0,-4997.0,-74.0,-76.0,-2.0,MARUTI,Mar 2014
824,MARUTI,Mar 2015,6449.0,-4491.0,-2004.0,-45.0,1958.0,MARUTI,Mar 2015
825,MARUTI,Mar 2016,8482.0,-7230.0,-1237.0,16.0,1252.0,MARUTI,Mar 2016
826,MARUTI,Mar 2017,10282.0,-9173.0,-1129.0,-20.0,1109.0,MARUTI,Mar 2017
827,MARUTI,Mar 2018,11788.0,-8302.0,-3436.0,50.0,3486.0,MARUTI,Mar 2018
828,MARUTI,Mar 2019,6601.0,-3540.0,-2948.0,113.0,3061.0,MARUTI,Mar 2019
829,MARUTI,Mar 2020,3496.0,-557.0,-3104.0,-165.0,2939.0,MARUTI,Mar 2020
830,MARUTI,Mar 2021,8856.0,-7291.0,-1545.0,20.0,1565.0,MARUTI,Mar 2021
831,MARUTI,Mar 2022,1840.0,-239.0,-1607.0,-6.0,1601.0,MARUTI,Mar 2022
832,MARUTI,Mar 2023,10815.0,-8820.0,-1214.0,780.0,1995.0,MARUTI,Mar 2023
833,MARUTI,Mar 2024,16801.0,-11865.0,-4062.0,874.0,4936.0,MARUTI,Mar 2024
834,MOTHERSON,Mar 2013,1486.0,-1089.0,-256.0,142.0,397.0,MOTHERSON,Mar 2013
835,MOTHERSON,Mar 2014,2695.0,-1372.0,-1080.0,243.0,1323.0,MOTHERSON,Mar 2014
836,MOTHERSON,Mar 2015,3390.0,-2844.0,494.0,1040.0,546.0,MOTHERSON,Mar 2015
837,MOTHERSON,Mar 2016,2188.0,-1906.0,-263.0,19.0,282.0,MOTHERSON,Mar 2016
838,MOTHERSON,Mar 2017,3800.0,-6145.0,5518.0,3172.0,-2345.0,MOTHERSON,Mar 2017
839,MOTHERSON,Mar 2018,3264.0,-3194.0,-2221.0,-2152.0,70.0,MOTHERSON,Mar 2018
840,MOTHERSON,Mar 2019,4312.0,-3318.0,-225.0,769.0,994.0,MOTHERSON,Mar 2019
841,MOTHERSON,Mar 2020,6352.0,-2220.0,-2803.0,1329.0,4132.0,MOTHERSON,Mar 2020
842,MOTHERSON,Mar 2021,5051.0,-1886.0,-2098.0,1068.0,3165.0,MOTHERSON,Mar 2021
843,MOTHERSON,Mar 2022,2463.0,-2304.0,-1217.0,-1059.0,159.0,MOTHERSON,Mar 2022
844,MOTHERSON,Mar 2023,4643.0,-2248.0,-2734.0,-339.0,2395.0,MOTHERSON,Mar 2023
845,MOTHERSON,Mar 2024,7569.0,-6644.0,1281.0,2205.0,925.0,MOTHERSON,Mar 2024
846,NAUKRI,Mar 2013,75.0,-46.0,-12.0,16.0,29.0,NAUKRI,Mar 2013
847,NAUKRI,Mar 2014,81.0,-204.0,130.0,7.0,-123.0,NAUKRI,Mar 2014
848,NAUKRI,Mar 2015,51.0,-1051.0,1025.0,25.0,-1000.0,NAUKRI,Mar 2015
849,NAUKRI,Mar 2016,78.0,-2.0,-66.0,11.0,76.0,NAUKRI,Mar 2016
850,NAUKRI,Mar 2017,213.0,-165.0,-42.0,7.0,48.0,NAUKRI,Mar 2017
851,NAUKRI,Mar 2018,253.0,-149.0,-75.0,29.0,104.0,NAUKRI,Mar 2018
852,NAUKRI,Mar 2019,276.0,-59.0,-78.0,138.0,217.0,NAUKRI,Mar 2019
853,NAUKRI,Mar 2020,350.0,97.0,-143.0,304.0,447.0,NAUKRI,Mar 2020
854,NAUKRI,Mar 2021,276.0,-2043.0,1880.0,113.0,-1767.0,NAUKRI,Mar 2021
855,NAUKRI,Mar 2022,707.0,-1177.0,35.0,-435.0,-470.0,NAUKRI,Mar 2022
856,NAUKRI,Mar 2023,512.0,-358.0,2.0,156.0,154.0,NAUKRI,Mar 2023
857,NAUKRI,Mar 2024,702.0,-852.0,120.0,-29.0,-150.0,NAUKRI,Mar 2024
858,NESTLEIND,Dec 2013,1796.0,-441.0,-580.0,775.0,1355.0,NESTLEIND,Dec 2013
859,NESTLEIND,Dec 2014,1644.0,-432.0,-1635.0,-423.0,1212.0,NESTLEIND,Dec 2014
860,NESTLEIND,Dec 2015,1098.0,-70.0,-498.0,529.0,1028.0,NESTLEIND,Dec 2015
861,NESTLEIND,Dec 2016,1466.0,-126.0,-666.0,674.0,1340.0,NESTLEIND,Dec 2016
862,NESTLEIND,Dec 2017,1818.0,-131.0,-997.0,691.0,1687.0,NESTLEIND,Dec 2017
863,NESTLEIND,Dec 2018,2052.0,-52.0,-1317.0,683.0,2000.0,NESTLEIND,Dec 2018
864,NESTLEIND,Dec 2019,2295.0,83.0,-3602.0,-1223.0,2378.0,NESTLEIND,Dec 2019
865,NESTLEIND,Dec 2020,2454.0,-321.0,-1956.0,177.0,2133.0,NESTLEIND,Dec 2020
866,NESTLEIND,Dec 2021,2236.0,-1920.0,-2020.0,-1704.0,316.0,NESTLEIND,Dec 2021
867,NESTLEIND,Dec 2022,2737.0,-392.0,-2123.0,223.0,2345.0,NESTLEIND,Dec 2022
868,NESTLEIND,Dec 2023,3392.0,-927.0,-2436.0,29.0,2465.0,NESTLEIND,Dec 2023
869,NESTLEIND,Mar 2024,4175.0,-1237.0,-3135.0,-198.0,2938.0,NESTLEIND,Mar 2024
870,NHPC,Mar 2013,2846.0,-1330.0,-1344.0,172.0,1516.0,NHPC,Mar 2013
871,NHPC,Mar 2014,3824.0,-1122.0,-4536.0,-1834.0,2702.0,NHPC,Mar 2014
872,NHPC,Mar 2015,4061.0,-768.0,-2494.0,798.0,3293.0,NHPC,Mar 2015
873,NHPC,Mar 2016,5971.0,-746.0,-4000.0,1224.0,5225.0,NHPC,Mar 2016
874,NHPC,Mar 2017,8329.0,-1864.0,-7812.0,-1347.0,6465.0,NHPC,Mar 2017
875,NHPC,Mar 2018,4696.0,-886.0,-3863.0,-53.0,3810.0,NHPC,Mar 2018
876,NHPC,Mar 2019,3824.0,-1182.0,-2637.0,5.0,2642.0,NHPC,Mar 2019
877,NHPC,Mar 2020,2993.0,-2987.0,12.0,17.0,6.0,NHPC,Mar 2020
878,NHPC,Mar 2021,5070.0,-1607.0,-3058.0,405.0,3463.0,NHPC,Mar 2021
879,NHPC,Mar 2022,4590.0,-3084.0,-638.0,867.0,1506.0,NHPC,Mar 2022
880,NHPC,Mar 2023,4705.0,-4191.0,-795.0,-281.0,514.0,NHPC,Mar 2023
881,NHPC,Mar 2024,6938.0,-5968.0,-581.0,388.0,970.0,NHPC,Mar 2024
882,NTPC,Mar 2013,16508.0,-16845.0,988.0,651.0,-337.0,NTPC,Mar 2013
883,NTPC,Mar 2014,16531.0,-15509.0,-2709.0,-1687.0,1022.0,NTPC,Mar 2014
884,NTPC,Mar 2015,14889.0,-15977.0,-1474.0,-2563.0,-1088.0,NTPC,Mar 2015
885,NTPC,Mar 2016,24125.0,-19162.0,-3899.0,1064.0,4963.0,NTPC,Mar 2016
886,NTPC,Mar 2017,20167.0,-24480.0,3138.0,-1176.0,-4313.0,NTPC,Mar 2017
887,NTPC,Mar 2018,19670.0,-20678.0,1028.0,19.0,-1008.0,NTPC,Mar 2018
888,NTPC,Mar 2019,18686.0,-24063.0,4927.0,-451.0,-5377.0,NTPC,Mar 2019
889,NTPC,Mar 2020,23890.0,-29628.0,6004.0,266.0,-5738.0,NTPC,Mar 2020
890,NTPC,Mar 2021,32444.0,-21034.0,-11049.0,360.0,11410.0,NTPC,Mar 2021
891,NTPC,Mar 2022,41788.0,-22891.0,-19172.0,-274.0,18897.0,NTPC,Mar 2022
892,NTPC,Mar 2023,47152.0,-26145.0,-21217.0,-210.0,21007.0,NTPC,Mar 2023
893,NTPC,Mar 2024,40785.0,-32141.0,-8246.0,398.0,8644.0,NTPC,Mar 2024
894,ONGC,Mar 2013,39874.0,-41220.0,-6927.0,-8273.0,-1346.0,ONGC,Mar 2013
895,ONGC,Mar 2014,53270.0,-63633.0,15225.0,4862.0,-10363.0,ONGC,Mar 2014
896,ONGC,Mar 2015,33950.0,-30058.0,-10641.0,-6749.0,3892.0,ONGC,Mar 2015
897,ONGC,Mar 2016,46292.0,-38256.0,-8972.0,-935.0,8036.0,ONGC,Mar 2016
898,ONGC,Mar 2017,45780.0,-43815.0,-1867.0,99.0,1965.0,ONGC,Mar 2017
899,ONGC,Mar 2018,56792.0,-66798.0,9909.0,-97.0,-10006.0,ONGC,Mar 2018
900,ONGC,Mar 2019,61458.0,-37132.0,-23324.0,1001.0,24326.0,ONGC,Mar 2019
901,ONGC,Mar 2020,70593.0,-53159.0,-16726.0,708.0,17434.0,ONGC,Mar 2020
902,ONGC,Mar 2021,47185.0,-39141.0,-8239.0,-195.0,8044.0,ONGC,Mar 2021
903,ONGC,Mar 2022,78248.0,-41197.0,-35790.0,1261.0,37051.0,ONGC,Mar 2022
904,ONGC,Mar 2023,86062.0,-74690.0,-12876.0,-1504.0,11372.0,ONGC,Mar 2023
905,ONGC,Mar 2024,99263.0,-57203.0,-45650.0,-3591.0,42060.0,ONGC,Mar 2024
906,PFC,Mar 2013,-25102.0,22.0,27947.0,2868.0,-25080.0,PFC,Mar 2013
907,PFC,Mar 2014,-22473.0,9.0,17671.0,-4793.0,-22464.0,PFC,Mar 2014
908,PFC,Mar 2015,-21455.0,-491.0,26916.0,4970.0,-21946.0,PFC,Mar 2015
909,PFC,Mar 2016,-13298.0,-1973.0,10383.0,-4888.0,-15271.0,PFC,Mar 2016
910,PFC,Mar 2017,1795.0,-667.0,1950.0,3079.0,1128.0,PFC,Mar 2017
911,PFC,Mar 2018,-57148.0,1409.0,52018.0,-3720.0,-55739.0,PFC,Mar 2018
912,PFC,Mar 2019,-80252.0,-13463.0,93616.0,-98.0,-93715.0,PFC,Mar 2019
913,PFC,Mar 2020,-42148.0,-73.0,43399.0,1179.0,-42221.0,PFC,Mar 2020
914,PFC,Mar 2021,-59143.0,1741.0,60424.0,3023.0,-57402.0,PFC,Mar 2021
915,PFC,Mar 2022,4904.0,-547.0,-8371.0,-4014.0,4357.0,PFC,Mar 2022
916,PFC,Mar 2023,-74717.0,-1694.0,75537.0,-874.0,-76411.0,PFC,Mar 2023
917,PFC,Mar 2024,-97820.0,-3409.0,101261.0,32.0,-101229.0,PFC,Mar 2024
918,PIDILITIND,Mar 2013,472.0,-144.0,-339.0,-12.0,328.0,PIDILITIND,Mar 2013
919,PIDILITIND,Mar 2014,394.0,-99.0,-242.0,54.0,295.0,PIDILITIND,Mar 2014
920,PIDILITIND,Mar 2015,552.0,-436.0,-165.0,-49.0,116.0,PIDILITIND,Mar 2015
921,PIDILITIND,Mar 2016,907.0,-491.0,-371.0,45.0,416.0,PIDILITIND,Mar 2016
922,PIDILITIND,Mar 2017,794.0,-879.0,41.0,-45.0,-85.0,PIDILITIND,Mar 2017
923,PIDILITIND,Mar 2018,796.0,39.0,-790.0,46.0,835.0,PIDILITIND,Mar 2018
924,PIDILITIND,Mar 2019,845.0,-513.0,-361.0,-29.0,332.0,PIDILITIND,Mar 2019
925,PIDILITIND,Mar 2020,1280.0,103.0,-849.0,533.0,1383.0,PIDILITIND,Mar 2020
926,PIDILITIND,Mar 2021,1392.0,-1688.0,-76.0,-372.0,-296.0,PIDILITIND,Mar 2021
927,PIDILITIND,Mar 2022,955.0,-558.0,-468.0,-71.0,397.0,PIDILITIND,Mar 2022
928,PIDILITIND,Mar 2023,1558.0,-899.0,-656.0,2.0,659.0,PIDILITIND,Mar 2023
929,PIDILITIND,Mar 2024,2724.0,-1769.0,-742.0,212.0,955.0,PIDILITIND,Mar 2024
930,PNB,Mar 2013,-692.0,-600.0,-694.0,-1987.0,-1292.0,PNB,Mar 2013
931,PNB,Mar 2014,16906.0,-302.0,2129.0,18733.0,16604.0,PNB,Mar 2014
932,PNB,Mar 2015,4814.0,-872.0,7451.0,11393.0,3942.0,PNB,Mar 2015
933,PNB,Mar 2016,14167.0,-1352.0,5975.0,18790.0,12815.0,PNB,Mar 2016
934,PNB,Mar 2017,21938.0,159.0,-9767.0,12330.0,22097.0,PNB,Mar 2017
935,PNB,Mar 2018,-1742.0,392.0,7460.0,6109.0,-1350.0,PNB,Mar 2018
936,PNB,Mar 2019,-33532.0,-629.0,13969.0,-20192.0,-34161.0,PNB,Mar 2019
937,PNB,Mar 2020,-12793.0,-338.0,13591.0,460.0,-13131.0,PNB,Mar 2020
938,PNB,Mar 2021,30950.0,-787.0,5415.0,35579.0,30163.0,PNB,Mar 2021
939,PNB,Mar 2022,20032.0,-1204.0,2032.0,20859.0,18828.0,PNB,Mar 2022
940,PNB,Mar 2023,22592.0,-732.0,1275.0,23135.0,21860.0,PNB,Mar 2023
941,PNB,Mar 2024,-27939.0,-1506.0,3518.0,-25928.0,-29445.0,PNB,Mar 2024
942,POWERGRID,Mar 2013,11690.0,-22084.0,9962.0,-432.0,-10394.0,POWERGRID,Mar 2013
943,POWERGRID,Mar 2014,15223.0,-26639.0,13712.0,2295.0,-11416.0,POWERGRID,Mar 2014
944,POWERGRID,Mar 2015,15800.0,-24185.0,6399.0,-1986.0,-8385.0,POWERGRID,Mar 2015
945,POWERGRID,Mar 2016,15008.0,-21576.0,5621.0,-948.0,-6568.0,POWERGRID,Mar 2016
946,POWERGRID,Mar 2017,21575.0,-23836.0,3959.0,1698.0,-2261.0,POWERGRID,Mar 2017
947,POWERGRID,Mar 2018,22710.0,-25701.0,1285.0,-1707.0,-2991.0,POWERGRID,Mar 2018
948,POWERGRID,Mar 2019,23271.0,-18727.0,-2431.0,2113.0,4544.0,POWERGRID,Mar 2019
949,POWERGRID,Mar 2020,30739.0,-10733.0,-18806.0,1199.0,20006.0,POWERGRID,Mar 2020
950,POWERGRID,Mar 2021,29403.0,-9244.0,-20521.0,-362.0,20159.0,POWERGRID,Mar 2021
951,POWERGRID,Mar 2022,26124.0,753.0,-28967.0,-2091.0,26877.0,POWERGRID,Mar 2022
952,POWERGRID,Mar 2023,40203.0,-7138.0,-30450.0,2615.0,33065.0,POWERGRID,Mar 2023
953,POWERGRID,Mar 2024,37290.0,-13114.0,-25903.0,-1728.0,24176.0,POWERGRID,Mar 2024
954,RECLTD,Mar 2013,-20059.0,152.0,16059.0,-3847.0,-19907.0,RECLTD,Mar 2013
955,RECLTD,Mar 2014,-17244.0,136.0,16815.0,-293.0,-17108.0,RECLTD,Mar 2014
956,RECLTD,Mar 2015,-23898.0,151.0,23098.0,-649.0,-23747.0,RECLTD,Mar 2015
957,RECLTD,Mar 2016,-13278.0,-756.0,15291.0,1257.0,-14034.0,RECLTD,Mar 2016
958,RECLTD,Mar 2017,6805.0,-101.0,-3947.0,2757.0,6704.0,RECLTD,Mar 2017
959,RECLTD,Mar 2018,-32510.0,46.0,28244.0,-4220.0,-32464.0,RECLTD,Mar 2018
960,RECLTD,Mar 2019,-35866.0,457.0,35543.0,134.0,-35409.0,RECLTD,Mar 2019
961,RECLTD,Mar 2020,-32712.0,121.0,33926.0,1336.0,-32591.0,RECLTD,Mar 2020
962,RECLTD,Mar 2021,-43512.0,861.0,42113.0,-538.0,-42651.0,RECLTD,Mar 2021
963,RECLTD,Mar 2022,-819.0,-287.0,68.0,-1038.0,-1106.0,RECLTD,Mar 2022
964,RECLTD,Mar 2023,-37360.0,-943.0,38123.0,-180.0,-38303.0,RECLTD,Mar 2023
965,RECLTD,Mar 2024,-57723.0,-1831.0,59588.0,34.0,-59554.0,RECLTD,Mar 2024
966,RELIANCE,Mar 2013,36918.0,-27601.0,408.0,9725.0,9317.0,RELIANCE,Mar 2013
967,RELIANCE,Mar 2014,43261.0,-73070.0,13713.0,-16096.0,-29809.0,RELIANCE,Mar 2014
968,RELIANCE,Mar 2015,34374.0,-64706.0,8444.0,-21888.0,-30332.0,RELIANCE,Mar 2015
969,RELIANCE,Mar 2016,38134.0,-36186.0,-3210.0,-1262.0,1948.0,RELIANCE,Mar 2016
970,RELIANCE,Mar 2017,49550.0,-66201.0,8617.0,-8034.0,-16651.0,RELIANCE,Mar 2017
971,RELIANCE,Mar 2018,71459.0,-68192.0,-2001.0,1266.0,3267.0,RELIANCE,Mar 2018
972,RELIANCE,Mar 2019,42346.0,-94507.0,55906.0,3745.0,-52161.0,RELIANCE,Mar 2019
973,RELIANCE,Mar 2020,94877.0,-72497.0,-2541.0,19839.0,22380.0,RELIANCE,Mar 2020
974,RELIANCE,Mar 2021,26958.0,-142385.0,101904.0,-13523.0,-115427.0,RELIANCE,Mar 2021
975,RELIANCE,Mar 2022,110654.0,-109162.0,17289.0,18781.0,1492.0,RELIANCE,Mar 2022
976,RELIANCE,Mar 2023,115032.0,-93001.0,10455.0,32486.0,22031.0,RELIANCE,Mar 2023
977,RELIANCE,Mar 2024,158788.0,-113581.0,-16646.0,28561.0,45207.0,RELIANCE,Mar 2024
978,SBILIFE,Mar 2013,1130.0,-227.0,-58.0,845.0,903.0,SBILIFE,Mar 2013
979,SBILIFE,Mar 2014,166.0,-708.0,-58.0,-600.0,-542.0,SBILIFE,Mar 2014
980,SBILIFE,Mar 2015,2711.0,-178.0,-117.0,2416.0,2533.0,SBILIFE,Mar 2015
981,SBILIFE,Mar 2016,5778.0,-7204.0,-144.0,-1570.0,-1426.0,SBILIFE,Mar 2016
982,SBILIFE,Mar 2017,8525.0,-9032.0,-144.0,-651.0,-507.0,SBILIFE,Mar 2017
983,SBILIFE,Mar 2018,10395.0,-8910.0,-221.0,1264.0,1485.0,SBILIFE,Mar 2018
984,SBILIFE,Mar 2019,13473.0,-13552.0,-241.0,-321.0,-79.0,SBILIFE,Mar 2019
985,SBILIFE,Mar 2020,19299.0,-16986.0,-198.0,2114.0,2313.0,SBILIFE,Mar 2020
986,SBILIFE,Mar 2021,23878.0,-19203.0,3.0,4677.0,4675.0,SBILIFE,Mar 2021
987,SBILIFE,Mar 2022,21852.0,-21611.0,-231.0,10.0,241.0,SBILIFE,Mar 2022
988,SBILIFE,Mar 2023,28656.0,-30203.0,-415.0,-1962.0,-1547.0,SBILIFE,Mar 2023
989,SBILIFE,Mar 2024,29122.0,-31221.0,-227.0,-2327.0,-2099.0,SBILIFE,Mar 2024
990,SBIN,Mar 2013,24332.0,-2271.0,-4424.0,17637.0,22061.0,SBIN,Mar 2013
991,SBIN,Mar 2014,19142.0,-791.0,3583.0,21934.0,18351.0,SBIN,Mar 2014
992,SBIN,Mar 2015,26297.0,-3424.0,-1553.0,21320.0,22873.0,SBIN,Mar 2015
993,SBIN,Mar 2016,14477.0,-2747.0,4348.0,16078.0,11730.0,SBIN,Mar 2016
994,SBIN,Mar 2017,77406.0,-4572.0,-4196.0,68638.0,72834.0,SBIN,Mar 2017
995,SBIN,Mar 2018,-96508.0,13053.0,5547.0,-77908.0,-83455.0,SBIN,Mar 2018
996,SBIN,Mar 2019,29556.0,220.0,448.0,30223.0,29776.0,SBIN,Mar 2019
997,SBIN,Mar 2020,23929.0,-555.0,5430.0,28803.0,23374.0,SBIN,Mar 2020
998,SBIN,Mar 2021,89919.0,-3670.0,7143.0,93392.0,86249.0,SBIN,Mar 2021
999,SBIN,Mar 2022,57695.0,-2652.0,-3845.0,51198.0,55043.0,SBIN,Mar 2022
1000,SBIN,Mar 2023,-86014.0,-966.0,6386.0,-80593.0,-86980.0,SBIN,Mar 2023
1001,SBIN,Mar 2024,21632.0,-3476.0,-9896.0,8260.0,18156.0,SBIN,Mar 2024
1002,SHREECEM,Jun 2013,1260.0,-270.0,-982.0,8.0,990.0,SHREECEM,Jun 2013
1003,SHREECEM,Jun 2014,1401.0,-1234.0,-156.0,11.0,167.0,SHREECEM,Jun 2014
1004,SHREECEM,Jun 2015,1239.0,-990.0,-259.0,-10.0,249.0,SHREECEM,Jun 2015
1005,SHREECEM,Mar 2016,1566.0,-1265.0,-271.0,31.0,301.0,SHREECEM,Mar 2016
1006,SHREECEM,Mar 2017,2202.0,-2048.0,-167.0,-13.0,154.0,SHREECEM,Mar 2017
1007,SHREECEM,Mar 2018,1879.0,-3595.0,1726.0,10.0,-1716.0,SHREECEM,Mar 2018
1008,SHREECEM,Mar 2019,2080.0,-720.0,-1276.0,84.0,1360.0,SHREECEM,Mar 2019
1009,SHREECEM,Mar 2020,3973.0,-5590.0,1581.0,-36.0,-1617.0,SHREECEM,Mar 2020
1010,SHREECEM,Mar 2021,4254.0,-2651.0,-1233.0,370.0,1603.0,SHREECEM,Mar 2021
1011,SHREECEM,Mar 2022,2668.0,-2143.0,-849.0,-324.0,525.0,SHREECEM,Mar 2022
1012,SHREECEM,Mar 2023,2569.0,-2405.0,-277.0,-113.0,164.0,SHREECEM,Mar 2023
1013,SHREECEM,Mar 2024,3347.0,-1418.0,-1710.0,220.0,1929.0,SHREECEM,Mar 2024
1014,SHRIRAMFIN,Mar 2013,-8359.0,-41.0,9060.0,661.0,-8400.0,SHRIRAMFIN,Mar 2013
1015,SHRIRAMFIN,Mar 2014,-4055.0,-112.0,5010.0,843.0,-4167.0,SHRIRAMFIN,Mar 2014
1016,SHRIRAMFIN,Mar 2015,-9611.0,-45.0,7836.0,-1819.0,-9656.0,SHRIRAMFIN,Mar 2015
1017,SHRIRAMFIN,Mar 2016,-5507.0,-36.0,2822.0,-2721.0,-5543.0,SHRIRAMFIN,Mar 2016
1018,SHRIRAMFIN,Mar 2017,-2677.0,-2.0,3017.0,338.0,-2679.0,SHRIRAMFIN,Mar 2017
1019,SHRIRAMFIN,Mar 2018,-13142.0,86.0,13014.0,-42.0,-13056.0,SHRIRAMFIN,Mar 2018
1020,SHRIRAMFIN,Mar 2019,-5535.0,-76.0,5550.0,-62.0,-5611.0,SHRIRAMFIN,Mar 2019
1021,SHRIRAMFIN,Mar 2020,-2464.0,-55.0,4579.0,2060.0,-2519.0,SHRIRAMFIN,Mar 2020
1022,SHRIRAMFIN,Mar 2021,-4239.0,-25.0,12226.0,7962.0,-4264.0,SHRIRAMFIN,Mar 2021
1023,SHRIRAMFIN,Mar 2022,-8859.0,-34.0,8505.0,-388.0,-8893.0,SHRIRAMFIN,Mar 2022
1024,SHRIRAMFIN,Mar 2023,-17625.0,5076.0,11820.0,-730.0,-12549.0,SHRIRAMFIN,Mar 2023
1025,SHRIRAMFIN,Mar 2024,-31101.0,-258.0,27609.0,-3750.0,-31359.0,SHRIRAMFIN,Mar 2024
1026,SIEMENS,Sep 2011,3.0,264.0,-196.0,70.0,267.0,SIEMENS,Sep 2011
1027,SIEMENS,Sep 2014,608.0,130.0,-220.0,517.0,738.0,SIEMENS,Sep 2014
1028,SIEMENS,Sep 2015,574.0,646.0,-245.0,975.0,1220.0,SIEMENS,Sep 2015
1029,SIEMENS,Sep 2016,513.0,237.0,-1614.0,-864.0,750.0,SIEMENS,Sep 2016
1030,SIEMENS,Sep 2017,573.0,1321.0,-285.0,1610.0,1894.0,SIEMENS,Sep 2017
1031,SIEMENS,Sep 2018,100.0,-174.0,-305.0,-379.0,-74.0,SIEMENS,Sep 2018
1032,SIEMENS,Sep 2019,1273.0,-1135.0,-312.0,-174.0,138.0,SIEMENS,Sep 2019
1033,SIEMENS,Sep 2020,720.0,871.0,-386.0,1205.0,1591.0,SIEMENS,Sep 2020
1034,SIEMENS,Sep 2021,1422.0,-2389.0,-502.0,-1469.0,-967.0,SIEMENS,Sep 2021
1035,SIEMENS,Sep 2022,978.0,-34.0,-392.0,552.0,944.0,SIEMENS,Sep 2022
1036,SIEMENS,Sep 2023,1400.0,-759.0,-450.0,191.0,641.0,SIEMENS,Sep 2023
1037,SIEMENS,Sep 2024,1670.0,-502.0,-523.0,644.0,1168.0,SIEMENS,Sep 2024
1038,SUNPHARMA,Mar 2013,3357.0,-2375.0,-665.0,316.0,982.0,SUNPHARMA,Mar 2013
1039,SUNPHARMA,Mar 2014,3959.0,-2176.0,507.0,2290.0,1783.0,SUNPHARMA,Mar 2014
1040,SUNPHARMA,Mar 2015,5616.0,-1502.0,-1187.0,2927.0,4114.0,SUNPHARMA,Mar 2015
1041,SUNPHARMA,Mar 2016,6686.0,-3949.0,-1889.0,848.0,2737.0,SUNPHARMA,Mar 2016
1042,SUNPHARMA,Mar 2017,7082.0,-4186.0,-2285.0,611.0,2896.0,SUNPHARMA,Mar 2017
1043,SUNPHARMA,Mar 2018,3907.0,-3104.0,-1539.0,-736.0,803.0,SUNPHARMA,Mar 2018
1044,SUNPHARMA,Mar 2019,2196.0,-310.0,-2731.0,-844.0,1886.0,SUNPHARMA,Mar 2019
1045,SUNPHARMA,Mar 2020,6555.0,-2225.0,-5715.0,-1386.0,4330.0,SUNPHARMA,Mar 2020
1046,SUNPHARMA,Mar 2021,6170.0,407.0,-5980.0,596.0,6577.0,SUNPHARMA,Mar 2021
1047,SUNPHARMA,Mar 2022,8985.0,-5556.0,-5193.0,-1765.0,3429.0,SUNPHARMA,Mar 2022
1048,SUNPHARMA,Mar 2023,4959.0,-7220.0,2376.0,115.0,-2261.0,SUNPHARMA,Mar 2023
1049,SUNPHARMA,Mar 2024,12135.0,-763.0,-6710.0,4662.0,11372.0,SUNPHARMA,Mar 2024
1050,TATACONSUM,Mar 2013,173.0,24.0,186.0,383.0,197.0,TATACONSUM,Mar 2013
1051,TATACONSUM,Mar 2014,422.0,-1.0,-363.0,57.0,421.0,TATACONSUM,Mar 2014
1052,TATACONSUM,Mar 2015,418.0,-207.0,-392.0,-182.0,211.0,TATACONSUM,Mar 2015
1053,TATACONSUM,Mar 2016,116.0,145.0,-282.0,-21.0,261.0,TATACONSUM,Mar 2016
1054,TATACONSUM,Mar 2017,741.0,145.0,-816.0,70.0,886.0,TATACONSUM,Mar 2017
1055,TATACONSUM,Mar 2018,356.0,-31.0,-30.0,294.0,325.0,TATACONSUM,Mar 2018
1056,TATACONSUM,Mar 2019,210.0,53.0,-224.0,39.0,263.0,TATACONSUM,Mar 2019
1057,TATACONSUM,Mar 2020,1082.0,-622.0,-308.0,152.0,460.0,TATACONSUM,Mar 2020
1058,TATACONSUM,Mar 2021,1656.0,-346.0,-426.0,884.0,1310.0,TATACONSUM,Mar 2021
1059,TATACONSUM,Mar 2022,1516.0,-1317.0,-995.0,-796.0,199.0,TATACONSUM,Mar 2022
1060,TATACONSUM,Mar 2023,1461.0,-834.0,-714.0,-87.0,627.0,TATACONSUM,Mar 2023
1061,TATACONSUM,Mar 2024,1937.0,-1911.0,256.0,281.0,26.0,TATACONSUM,Mar 2024
1062,TATAMOTORS,Mar 2013,22163.0,-22969.0,-1692.0,-2499.0,-806.0,TATAMOTORS,Mar 2013
1063,TATAMOTORS,Mar 2014,36151.0,-27991.0,-3883.0,4277.0,8160.0,TATAMOTORS,Mar 2014
1064,TATAMOTORS,Mar 2015,35531.0,-36232.0,5201.0,4500.0,-701.0,TATAMOTORS,Mar 2015
1065,TATAMOTORS,Mar 2016,37900.0,-36694.0,-3795.0,-2589.0,1206.0,TATAMOTORS,Mar 2016
1066,TATAMOTORS,Mar 2017,30199.0,-39571.0,6205.0,-3167.0,-9372.0,TATAMOTORS,Mar 2017
1067,TATAMOTORS,Mar 2018,23857.0,-25139.0,2012.0,730.0,-1282.0,TATAMOTORS,Mar 2018
1068,TATAMOTORS,Mar 2019,18891.0,-20878.0,8830.0,6843.0,-1987.0,TATAMOTORS,Mar 2019
1069,TATAMOTORS,Mar 2020,26633.0,-33115.0,3390.0,-3092.0,-6482.0,TATAMOTORS,Mar 2020
1070,TATAMOTORS,Mar 2021,29001.0,-25672.0,9904.0,13232.0,3329.0,TATAMOTORS,Mar 2021
1071,TATAMOTORS,Mar 2022,14283.0,-4444.0,-3380.0,6459.0,9839.0,TATAMOTORS,Mar 2022
1072,TATAMOTORS,Mar 2023,35388.0,-15417.0,-26243.0,-6272.0,19971.0,TATAMOTORS,Mar 2023
1073,TATAMOTORS,Mar 2024,67915.0,-22782.0,-37006.0,8128.0,45133.0,TATAMOTORS,Mar 2024
1074,TATAPOWER,Mar 2013,3286.0,-4026.0,-593.0,-1333.0,-740.0,TATAPOWER,Mar 2013
1075,TATAPOWER,Mar 2014,6483.0,-3609.0,-3265.0,-392.0,2874.0,TATAPOWER,Mar 2014
1076,TATAPOWER,Mar 2015,5981.0,-3865.0,-2239.0,-123.0,2116.0,TATAPOWER,Mar 2015
1077,TATAPOWER,Mar 2016,7415.0,-1805.0,-6183.0,-574.0,5610.0,TATAPOWER,Mar 2016
1078,TATAPOWER,Mar 2017,7014.0,-7373.0,937.0,579.0,-359.0,TATAPOWER,Mar 2017
1079,TATAPOWER,Mar 2018,6364.0,-1512.0,-4726.0,126.0,4852.0,TATAPOWER,Mar 2018
1080,TATAPOWER,Mar 2019,4574.0,-272.0,-5184.0,-883.0,4302.0,TATAPOWER,Mar 2019
1081,TATAPOWER,Mar 2020,7375.0,-493.0,-5110.0,1773.0,6882.0,TATAPOWER,Mar 2020
1082,TATAPOWER,Mar 2021,8345.0,993.0,-7603.0,1736.0,9338.0,TATAPOWER,Mar 2021
1083,TATAPOWER,Mar 2022,6693.0,-6250.0,-1183.0,-741.0,443.0,TATAPOWER,Mar 2022
1084,TATAPOWER,Mar 2023,7166.0,-7263.0,1341.0,1243.0,-97.0,TATAPOWER,Mar 2023
1085,TATAPOWER,Mar 2024,12596.0,-9027.0,-4497.0,-928.0,3569.0,TATAPOWER,Mar 2024
1086,TATASTEEL,Mar 2013,14035.0,-13099.0,-1780.0,-844.0,936.0,TATASTEEL,Mar 2013
1087,TATASTEEL,Mar 2014,13146.0,-15378.0,1015.0,-1218.0,-2232.0,TATASTEEL,Mar 2014
1088,TATASTEEL,Mar 2015,11880.0,-9021.0,-2617.0,241.0,2859.0,TATASTEEL,Mar 2015
1089,TATASTEEL,Mar 2016,11455.0,-8794.0,-4729.0,-2068.0,2661.0,TATASTEEL,Mar 2016
1090,TATASTEEL,Mar 2017,10824.0,-9490.0,-2579.0,-1245.0,1334.0,TATASTEEL,Mar 2017
1091,TATASTEEL,Mar 2018,8023.0,-11730.0,6640.0,2933.0,-3707.0,TATASTEEL,Mar 2018
1092,TATASTEEL,Mar 2019,25336.0,-29176.0,-673.0,-4513.0,-3840.0,TATASTEEL,Mar 2019
1093,TATASTEEL,Mar 2020,20169.0,-14012.0,-1695.0,4462.0,6157.0,TATASTEEL,Mar 2020
1094,TATASTEEL,Mar 2021,44327.0,-9437.0,-37090.0,-2200.0,34890.0,TATASTEEL,Mar 2021
1095,TATASTEEL,Mar 2022,44381.0,-10905.0,-23401.0,10075.0,33476.0,TATASTEEL,Mar 2022
1096,TATASTEEL,Mar 2023,21683.0,-18179.0,-6981.0,-3477.0,3504.0,TATASTEEL,Mar 2023
1097,TATASTEEL,Mar 2024,20301.0,-14253.0,-11097.0,-5049.0,6048.0,TATASTEEL,Mar 2024
1098,TCS,Mar 2013,11615.0,-6038.0,-5729.0,-152.0,5577.0,TCS,Mar 2013
1099,TCS,Mar 2014,14751.0,-9452.0,-5673.0,-374.0,5299.0,TCS,Mar 2014
1100,TCS,Mar 2015,19369.0,-1807.0,-17168.0,394.0,17562.0,TCS,Mar 2015
1101,TCS,Mar 2016,19109.0,-5010.0,-9666.0,4433.0,14099.0,TCS,Mar 2016
1102,TCS,Mar 2017,25223.0,-16895.0,-11026.0,-2698.0,8328.0,TCS,Mar 2017
1103,TCS,Mar 2018,25067.0,3104.0,-26885.0,1286.0,28171.0,TCS,Mar 2018
1104,TCS,Mar 2019,28593.0,1645.0,-27897.0,2341.0,30238.0,TCS,Mar 2019
1105,TCS,Mar 2020,32369.0,8968.0,-39915.0,1422.0,41337.0,TCS,Mar 2020
1106,TCS,Mar 2021,38802.0,-7956.0,-32634.0,-1788.0,30846.0,TCS,Mar 2021
1107,TCS,Mar 2022,39949.0,-738.0,-33581.0,5630.0,39211.0,TCS,Mar 2022
1108,TCS,Mar 2023,41965.0,548.0,-47878.0,-5365.0,42513.0,TCS,Mar 2023
1109,TCS,Mar 2024,44338.0,6091.0,-48536.0,1893.0,50429.0,TCS,Mar 2024
1110,TECHM,Mar 2013,855.0,-622.0,65.0,298.0,233.0,TECHM,Mar 2013
1111,TECHM,Mar 2014,1596.0,291.0,-972.0,915.0,1887.0,TECHM,Mar 2014
1112,TECHM,Mar 2015,2448.0,-1865.0,-829.0,-246.0,583.0,TECHM,Mar 2015
1113,TECHM,Mar 2016,3137.0,-1453.0,-496.0,1188.0,1684.0,TECHM,Mar 2016
1114,TECHM,Mar 2017,4071.0,-2893.0,-1571.0,-392.0,1178.0,TECHM,Mar 2017
1115,TECHM,Mar 2018,3554.0,-3319.0,-269.0,-35.0,235.0,TECHM,Mar 2018
1116,TECHM,Mar 2019,4432.0,-2104.0,-2251.0,77.0,2328.0,TECHM,Mar 2019
1117,TECHM,Mar 2020,4358.0,1081.0,-4466.0,974.0,5439.0,TECHM,Mar 2020
1118,TECHM,Mar 2021,8094.0,-5433.0,-2987.0,-326.0,2661.0,TECHM,Mar 2021
1119,TECHM,Mar 2022,5285.0,480.0,-4667.0,1098.0,5765.0,TECHM,Mar 2022
1120,TECHM,Mar 2023,5572.0,-226.0,-5078.0,267.0,5346.0,TECHM,Mar 2023
1121,TECHM,Mar 2024,6376.0,-1318.0,-4767.0,291.0,5058.0,TECHM,Mar 2024
1122,TITAN,Mar 2013,553.0,-142.0,-236.0,176.0,411.0,TITAN,Mar 2013
1123,TITAN,Mar 2014,-555.0,-271.0,497.0,-329.0,-826.0,TITAN,Mar 2014
1124,TITAN,Mar 2015,503.0,-118.0,-1005.0,-620.0,385.0,TITAN,Mar 2015
1125,TITAN,Mar 2016,576.0,-159.0,-505.0,-88.0,417.0,TITAN,Mar 2016
1126,TITAN,Mar 2017,1712.0,-953.0,-166.0,594.0,759.0,TITAN,Mar 2017
1127,TITAN,Mar 2018,-51.0,98.0,-252.0,-206.0,47.0,TITAN,Mar 2018
1128,TITAN,Mar 2019,1243.0,-797.0,-489.0,-43.0,446.0,TITAN,Mar 2019
1129,TITAN,Mar 2020,-348.0,235.0,-242.0,-355.0,-113.0,TITAN,Mar 2020
1130,TITAN,Mar 2021,4139.0,-2799.0,-1234.0,106.0,1340.0,TITAN,Mar 2021
1131,TITAN,Mar 2022,-724.0,1165.0,-403.0,38.0,441.0,TITAN,Mar 2022
1132,TITAN,Mar 2023,1370.0,-1814.0,457.0,13.0,-444.0,TITAN,Mar 2023
1133,TITAN,Mar 2024,1695.0,-189.0,-1329.0,177.0,1506.0,TITAN,Mar 2024
1134,TORNTPHARM,Mar 2013,153.0,-247.0,20.0,-73.0,-94.0,TORNTPHARM,Mar 2013
1135,TORNTPHARM,Mar 2014,599.0,-418.0,86.0,268.0,181.0,TORNTPHARM,Mar 2014
1136,TORNTPHARM,Mar 2015,810.0,-2113.0,1212.0,-90.0,-1303.0,TORNTPHARM,Mar 2015
1137,TORNTPHARM,Mar 2016,2742.0,-869.0,-1435.0,437.0,1873.0,TORNTPHARM,Mar 2016
1138,TORNTPHARM,Mar 2017,1009.0,-798.0,-193.0,18.0,211.0,TORNTPHARM,Mar 2017
1139,TORNTPHARM,Mar 2018,894.0,-4677.0,3417.0,-366.0,-3783.0,TORNTPHARM,Mar 2018
1140,TORNTPHARM,Mar 2019,1798.0,-246.0,-1314.0,238.0,1552.0,TORNTPHARM,Mar 2019
1141,TORNTPHARM,Mar 2020,1393.0,229.0,-1549.0,73.0,1622.0,TORNTPHARM,Mar 2020
1142,TORNTPHARM,Mar 2021,2005.0,-444.0,-1651.0,-89.0,1561.0,TORNTPHARM,Mar 2021
1143,TORNTPHARM,Mar 2022,1803.0,-196.0,-1781.0,-174.0,1607.0,TORNTPHARM,Mar 2022
1144,TORNTPHARM,Mar 2023,2368.0,-2335.0,77.0,110.0,33.0,TORNTPHARM,Mar 2023
1145,TORNTPHARM,Mar 2024,3266.0,-160.0,-2780.0,327.0,3106.0,TORNTPHARM,Mar 2024
1146,TRENT,Mar 2013,31.0,-276.0,147.0,-97.0,-245.0,TRENT,Mar 2013
1147,TRENT,Mar 2014,-46.0,-48.0,-50.0,-145.0,-94.0,TRENT,Mar 2014
1148,TRENT,Mar 2015,-10.0,-306.0,310.0,-6.0,-316.0,TRENT,Mar 2015
1149,TRENT,Mar 2016,109.0,-98.0,-13.0,-2.0,11.0,TRENT,Mar 2016
1150,TRENT,Mar 2017,102.0,-44.0,-51.0,7.0,58.0,TRENT,Mar 2017
1151,TRENT,Mar 2018,77.0,-4.0,-74.0,-1.0,73.0,TRENT,Mar 2018
1152,TRENT,Mar 2019,21.0,-37.0,37.0,21.0,-16.0,TRENT,Mar 2019
1153,TRENT,Mar 2020,361.0,-809.0,452.0,5.0,-448.0,TRENT,Mar 2020
1154,TRENT,Mar 2021,285.0,18.0,-283.0,20.0,303.0,TRENT,Mar 2021
1155,TRENT,Mar 2022,58.0,56.0,-108.0,6.0,114.0,TRENT,Mar 2022
1156,TRENT,Mar 2023,595.0,-103.0,-491.0,1.0,492.0,TRENT,Mar 2023
1157,TRENT,Mar 2024,1349.0,-508.0,-629.0,211.0,841.0,TRENT,Mar 2024
1158,TVSMOTOR,Mar 2013,464.0,-120.0,-402.0,-58.0,344.0,TVSMOTOR,Mar 2013
1159,TVSMOTOR,Mar 2014,470.0,-235.0,-216.0,19.0,235.0,TVSMOTOR,Mar 2014
1160,TVSMOTOR,Mar 2015,83.0,-415.0,261.0,-71.0,-332.0,TVSMOTOR,Mar 2015
1161,TVSMOTOR,Mar 2016,936.0,-605.0,-319.0,12.0,331.0,TVSMOTOR,Mar 2016
1162,TVSMOTOR,Mar 2017,689.0,-709.0,-59.0,-79.0,-20.0,TVSMOTOR,Mar 2017
1163,TVSMOTOR,Mar 2018,354.0,-1095.0,897.0,156.0,-741.0,TVSMOTOR,Mar 2018
1164,TVSMOTOR,Mar 2019,-918.0,-1104.0,2210.0,188.0,-2022.0,TVSMOTOR,Mar 2019
1165,TVSMOTOR,Mar 2020,373.0,-1090.0,1619.0,902.0,-717.0,TVSMOTOR,Mar 2020
1166,TVSMOTOR,Mar 2021,1151.0,-882.0,264.0,532.0,269.0,TVSMOTOR,Mar 2021
1167,TVSMOTOR,Mar 2022,-1575.0,-1471.0,2918.0,532.0,-3046.0,TVSMOTOR,Mar 2022
1168,TVSMOTOR,Mar 2023,-4405.0,-1308.0,6118.0,406.0,-5713.0,TVSMOTOR,Mar 2023
1169,TVSMOTOR,Mar 2024,-1253.0,-1001.0,2759.0,505.0,-2254.0,TVSMOTOR,Mar 2024
1170,ULTRACEMCO,Mar 2013,3618.0,-4362.0,715.0,-30.0,-744.0,ULTRACEMCO,Mar 2013
1171,ULTRACEMCO,Mar 2014,3455.0,-2342.0,-949.0,164.0,1113.0,ULTRACEMCO,Mar 2014
1172,ULTRACEMCO,Mar 2015,4190.0,-2144.0,-2110.0,-63.0,2046.0,ULTRACEMCO,Mar 2015
1173,ULTRACEMCO,Mar 2016,4526.0,-3673.0,-844.0,8.0,853.0,ULTRACEMCO,Mar 2016
1174,ULTRACEMCO,Mar 2017,5005.0,-2501.0,-2535.0,-31.0,2504.0,ULTRACEMCO,Mar 2017
1175,ULTRACEMCO,Mar 2018,3888.0,1866.0,-5735.0,18.0,5754.0,ULTRACEMCO,Mar 2018
1176,ULTRACEMCO,Mar 2019,5956.0,1165.0,-6757.0,364.0,7121.0,ULTRACEMCO,Mar 2019
1177,ULTRACEMCO,Mar 2020,8972.0,-4192.0,-5076.0,-295.0,4780.0,ULTRACEMCO,Mar 2020
1178,ULTRACEMCO,Mar 2021,12500.0,-8856.0,-4356.0,-712.0,3644.0,ULTRACEMCO,Mar 2021
1179,ULTRACEMCO,Mar 2022,9283.0,2257.0,-12498.0,-958.0,11540.0,ULTRACEMCO,Mar 2022
1180,ULTRACEMCO,Mar 2023,9069.0,-7188.0,-1631.0,250.0,1881.0,ULTRACEMCO,Mar 2023
1181,ULTRACEMCO,Mar 2024,10898.0,-8789.0,-1926.0,183.0,2109.0,ULTRACEMCO,Mar 2024
1182,UNIONBANK,Mar 2013,-4245.0,-343.0,5096.0,507.0,-4588.0,UNIONBANK,Mar 2013
1183,UNIONBANK,Mar 2014,2570.0,-363.0,4902.0,7109.0,2207.0,UNIONBANK,Mar 2014
1184,UNIONBANK,Mar 2015,-3567.0,-318.0,3168.0,-718.0,-3885.0,UNIONBANK,Mar 2015
1185,UNIONBANK,Mar 2016,81.0,-9.0,-2.0,70.0,72.0,UNIONBANK,Mar 2016
1186,UNIONBANK,Mar 2017,-6624.0,-280.0,10194.0,3289.0,-6904.0,UNIONBANK,Mar 2017
1187,UNIONBANK,Mar 2018,6097.0,-315.0,10792.0,16574.0,5782.0,UNIONBANK,Mar 2018
1188,UNIONBANK,Mar 2019,-7778.0,-297.0,1758.0,-6317.0,-8075.0,UNIONBANK,Mar 2019
1189,UNIONBANK,Mar 2020,-77.0,-4.0,201.0,121.0,-81.0,UNIONBANK,Mar 2020
1190,UNIONBANK,Mar 2021,20527.0,-601.0,-18861.0,1066.0,19926.0,UNIONBANK,Mar 2021
1191,UNIONBANK,Mar 2022,36339.0,-558.0,-786.0,34995.0,35781.0,UNIONBANK,Mar 2022
1192,UNIONBANK,Mar 2023,6056.0,-2561.0,-10654.0,-7159.0,3495.0,UNIONBANK,Mar 2023
1193,UNIONBANK,Mar 2024,19930.0,-1394.0,-11489.0,7047.0,18536.0,UNIONBANK,Mar 2024
1194,UNITDSPR,Mar 2013,1969.0,-1121.0,-992.0,-145.0,848.0,UNITDSPR,Mar 2013
1195,UNITDSPR,Mar 2014,-552.0,-252.0,1235.0,431.0,-804.0,UNITDSPR,Mar 2014
1196,UNITDSPR,Mar 2015,-196.0,3855.0,-4002.0,-343.0,3659.0,UNITDSPR,Mar 2015
1197,UNITDSPR,Mar 2016,283.0,733.0,-1155.0,-139.0,1016.0,UNITDSPR,Mar 2016
1198,UNITDSPR,Mar 2017,647.0,-227.0,-475.0,-56.0,420.0,UNITDSPR,Mar 2017
1199,UNITDSPR,Mar 2018,925.0,104.0,-966.0,63.0,1029.0,UNITDSPR,Mar 2018
1200,UNITDSPR,Mar 2019,948.0,-66.0,-808.0,74.0,882.0,UNITDSPR,Mar 2019
1201,UNITDSPR,Mar 2020,783.0,-194.0,-740.0,-150.0,589.0,UNITDSPR,Mar 2020
1202,UNITDSPR,Mar 2021,1818.0,-99.0,-1707.0,12.0,1719.0,UNITDSPR,Mar 2021
1203,UNITDSPR,Mar 2022,977.0,-313.0,-688.0,-23.0,664.0,UNITDSPR,Mar 2022
1204,UNITDSPR,Mar 2023,615.0,-55.0,-500.0,60.0,560.0,UNITDSPR,Mar 2023
1205,UNITDSPR,Mar 2024,1118.0,226.0,-407.0,937.0,1344.0,UNITDSPR,Mar 2024
1206,VBL,Dec 2012,280.0,-507.0,229.0,3.0,-227.0,VBL,Dec 2012
1207,VBL,Dec 2013,297.0,-574.0,274.0,-2.0,-277.0,VBL,Dec 2013
1208,VBL,Dec 2014,431.0,-500.0,58.0,-11.0,-69.0,VBL,Dec 2014
1209,VBL,Dec 2015,555.0,-300.0,-236.0,19.0,255.0,VBL,Dec 2015
1210,VBL,Dec 2016,826.0,-1048.0,230.0,8.0,-222.0,VBL,Dec 2016
1211,VBL,Dec 2017,620.0,-746.0,159.0,32.0,-126.0,VBL,Dec 2017
1212,VBL,Dec 2018,1000.0,-937.0,-84.0,-22.0,63.0,VBL,Dec 2018
1213,VBL,Dec 2019,1308.0,-2320.0,1107.0,95.0,-1012.0,VBL,Dec 2019
1214,VBL,Dec 2020,1012.0,-472.0,-574.0,-33.0,540.0,VBL,Dec 2020
1215,VBL,Dec 2021,1231.0,-1008.0,-178.0,46.0,223.0,VBL,Dec 2021
1216,VBL,Dec 2022,1790.0,-1769.0,-18.0,4.0,21.0,VBL,Dec 2022
1217,VBL,Dec 2023,2391.0,-3288.0,985.0,88.0,-897.0,VBL,Dec 2023
1218,VEDL,Mar 2013,22.0,-311.0,238.0,-51.0,-289.0,VEDL,Mar 2013
1219,VEDL,Mar 2014,15601.0,-2890.0,-5052.0,7659.0,12711.0,VEDL,Mar 2014
1220,VEDL,Mar 2015,17805.0,-4133.0,-13956.0,-284.0,13672.0,VEDL,Mar 2015
1221,VEDL,Mar 2016,20377.0,-7868.0,-11303.0,1206.0,12509.0,VEDL,Mar 2016
1222,VEDL,Mar 2017,18083.0,2681.0,-12425.0,8339.0,20764.0,VEDL,Mar 2017
1223,VEDL,Mar 2018,17366.0,15480.0,-39255.0,-6409.0,32846.0,VEDL,Mar 2018
1224,VEDL,Mar 2019,23754.0,-10594.0,-10242.0,2918.0,13160.0,VEDL,Mar 2019
1225,VEDL,Mar 2020,19300.0,-5925.0,-15547.0,-2172.0,13375.0,VEDL,Mar 2020
1226,VEDL,Mar 2021,23980.0,-6678.0,-17565.0,-263.0,17302.0,VEDL,Mar 2021
1227,VEDL,Mar 2022,34963.0,-2243.0,-28903.0,3817.0,32720.0,VEDL,Mar 2022
1228,VEDL,Mar 2023,33065.0,-668.0,-34142.0,-1745.0,32397.0,VEDL,Mar 2023
1229,VEDL,Mar 2024,35654.0,-13676.0,-26092.0,-4114.0,21978.0,VEDL,Mar 2024
1230,WIPRO,Mar 2013,6394.0,-4536.0,-1140.0,717.0,1858.0,WIPRO,Mar 2013
1231,WIPRO,Mar 2014,6790.0,-284.0,-3570.0,2936.0,6506.0,WIPRO,Mar 2014
1232,WIPRO,Mar 2015,7840.0,-2537.0,-830.0,4474.0,5303.0,WIPRO,Mar 2015
1233,WIPRO,Mar 2016,7887.0,-13761.0,-159.0,-6032.0,-5874.0,WIPRO,Mar 2016
1234,WIPRO,Mar 2017,9277.0,-11770.0,-2275.0,-4767.0,-2493.0,WIPRO,Mar 2017
1235,WIPRO,Mar 2018,8423.0,3595.0,-12998.0,-979.0,12018.0,WIPRO,Mar 2018
1236,WIPRO,Mar 2019,11632.0,5065.0,-4937.0,11760.0,16697.0,WIPRO,Mar 2019
1237,WIPRO,Mar 2020,10064.0,3593.0,-15100.0,-1442.0,13657.0,WIPRO,Mar 2020
1238,WIPRO,Mar 2021,14755.0,685.0,-12884.0,2556.0,15440.0,WIPRO,Mar 2021
1239,WIPRO,Mar 2022,11080.0,-22321.0,4659.0,-6583.0,-11241.0,WIPRO,Mar 2022
1240,WIPRO,Mar 2023,13060.0,-8169.0,-6088.0,-1197.0,4891.0,WIPRO,Mar 2023
1241,WIPRO,Mar 2024,17622.0,1144.0,-18257.0,509.0,18766.0,WIPRO,Mar 2024
1242,ZOMATO,Mar 2020,-2144.0,1740.0,359.0,-45.0,-404.0,ZOMATO,Mar 2020
1243,ZOMATO,Mar 2021,-1018.0,-5245.0,6402.0,139.0,-6263.0,ZOMATO,Mar 2021
1244,ZOMATO,Mar 2022,-693.0,-7971.0,8750.0,86.0,-8664.0,ZOMATO,Mar 2022
1245,ZOMATO,Mar 2023,-844.0,797.0,-127.0,-174.0,-47.0,ZOMATO,Mar 2023
1246,ZOMATO,Mar 2024,646.0,-348.0,-207.0,91.0,298.0,ZOMATO,Mar 2024
1247,ZYDUSLIFE,Mar 2013,603.0,-682.0,286.0,207.0,-79.0,ZYDUSLIFE,Mar 2013
1248,ZYDUSLIFE,Mar 2014,903.0,-438.0,-529.0,-64.0,465.0,ZYDUSLIFE,Mar 2014
1249,ZYDUSLIFE,Mar 2015,994.0,-465.0,-351.0,178.0,529.0,ZYDUSLIFE,Mar 2015
1250,ZYDUSLIFE,Mar 2016,1894.0,-860.0,-935.0,99.0,1034.0,ZYDUSLIFE,Mar 2016
1251,ZYDUSLIFE,Mar 2017,1312.0,-2872.0,2316.0,756.0,-1560.0,ZYDUSLIFE,Mar 2017
1252,ZYDUSLIFE,Mar 2018,919.0,-974.0,52.0,-3.0,-55.0,ZYDUSLIFE,Mar 2018
1253,ZYDUSLIFE,Mar 2019,1282.0,-3977.0,1885.0,-811.0,-2695.0,ZYDUSLIFE,Mar 2019
1254,ZYDUSLIFE,Mar 2020,2932.0,-1004.0,-1528.0,399.0,1928.0,ZYDUSLIFE,Mar 2020
1255,ZYDUSLIFE,Mar 2021,3294.0,-837.0,-2548.0,-90.0,2457.0,ZYDUSLIFE,Mar 2021
1256,ZYDUSLIFE,Mar 2022,2104.0,-1018.0,-868.0,219.0,1086.0,ZYDUSLIFE,Mar 2022
1257,ZYDUSLIFE,Mar 2023,2689.0,1542.0,-4400.0,-170.0,4231.0,ZYDUSLIFE,Mar 2023
1258,ZYDUSLIFE,Mar 2024,3228.0,-1492.0,-1810.0,-75.0,1736.0,ZYDUSLIFE,Mar 2024
